CREATE DATABASE IF NOT EXISTS hxtd
  DEFAULT CHARACTER SET utf8;

USE hxtd;

DELETE FROM SM_MENU;
INSERT INTO SM_MENU (ID, NAME, URL, SERIAL, PARENTID) VALUES (1, "系统管理", NULL, 10000, NULL);
INSERT INTO SM_MENU (ID, NAME, URL, SERIAL, PARENTID) VALUES (101, "菜单管理", "/system/menu", 10100, 1);
INSERT INTO SM_MENU (ID, NAME, URL, SERIAL, PARENTID) VALUES (102, "用户管理", "/system/user", 10200, 1);
INSERT INTO SM_MENU (ID, NAME, URL, SERIAL, PARENTID) VALUES (103, "角色管理", "/system/role", 10300, 1);
INSERT INTO SM_MENU (ID, NAME, URL, SERIAL, PARENTID) VALUES (104, "权限管理", "/system/privi", 10400, 1);
INSERT INTO SM_MENU (ID, NAME, URL, SERIAL, PARENTID) VALUES (2, "工作台", NULL, 20000, NULL);
INSERT INTO SM_MENU (ID, NAME, URL, SERIAL, PARENTID) VALUES (3, "市场营销", NULL, 30000, NULL);
INSERT INTO SM_MENU (ID, NAME, URL, SERIAL, PARENTID) VALUES (4, "客户管理", NULL, 40000, NULL);
INSERT INTO SM_MENU (ID, NAME, URL, SERIAL, PARENTID) VALUES (5, "项目管理", NULL, 50000, NULL);
INSERT INTO SM_MENU (ID, NAME, URL, SERIAL, PARENTID) VALUES (6, "订单管理", NULL, 60000, NULL);
INSERT INTO SM_MENU (ID, NAME, URL, SERIAL, PARENTID) VALUES (7, "财务管理", NULL, 70000, NULL);
INSERT INTO SM_MENU (ID, NAME, URL, SERIAL, PARENTID) VALUES (8, "销售管理", NULL, 80000, NULL);
INSERT INTO SM_MENU (ID, NAME, URL, SERIAL, PARENTID) VALUES (9, "报表管理", NULL, 90000, NULL);

DELETE FROM SM_FUNC;
INSERT INTO SM_FUNC (ID, NAME, URL,MENUID) VALUES (10101, "新增", "/system/menu", 101);
INSERT INTO SM_FUNC (ID, NAME, URL,MENUID) VALUES (10102, "查询", "/system/menu", 101);
INSERT INTO SM_FUNC (ID, NAME, URL,MENUID) VALUES (10103, "查看", "/system/menu/{id}", 101);
INSERT INTO SM_FUNC (ID, NAME, URL,MENUID) VALUES (10104, "修改", "/system/menu/{id}", 101);
INSERT INTO SM_FUNC (ID, NAME, URL,MENUID) VALUES (10105, "删除", "/system/menu/{id}", 101);


DELETE FROM SM_USER;
# admin 拥有所有权限
INSERT INTO SM_USER (ID, NAME, PASSWORD, STATUS) VALUES (1, "admin", "admin", 99010201);
# rolemenu 用来测试角色菜单权限
INSERT INTO SM_USER (ID, NAME, PASSWORD, STATUS) VALUES (2, "rolemenu", "rolemenu", 99010201);
# usermenu 用来测试用户菜单权限
INSERT INTO SM_USER (ID, NAME, PASSWORD, STATUS) VALUES (3, "usermenu", "usermenu", 99010201);
# rolecomponent 用来测试角色组件权限
INSERT INTO SM_USER (ID, NAME, PASSWORD, STATUS) VALUES (4, "rolecomponent", "rolecomponent", 99010201);
# usercomponent 用来测试用户组件权限
INSERT INTO SM_USER (ID, NAME, PASSWORD, STATUS) VALUES (5, "usercomponent", "usercomponent", 99010201);


DELETE FROM SM_ROLE;
INSERT INTO SM_ROLE (ID, NAME) VALUES (1, "admin");
INSERT INTO SM_ROLE (ID, NAME) VALUES (2, "rolemenu");
INSERT INTO SM_ROLE (ID, NAME) VALUES (3, "rolecomponent");


DELETE FROM SM_USERROLE;
INSERT INTO SM_USERROLE (USERID, ROLEID) VALUES (1, 1);
INSERT INTO SM_USERROLE (USERID, ROLEID) VALUES (2, 2);
INSERT INTO SM_USERROLE (USERID, ROLEID) VALUES (4, 3);

INSERT INTO SM_ROLEFUNC (roleid, funcid) VALUES (1, 10101);
INSERT INTO SM_ROLEFUNC (roleid, funcid) VALUES (1, 10102);
INSERT INTO SM_ROLEFUNC (roleid, funcid) VALUES (1, 10103);
INSERT INTO SM_ROLEFUNC (roleid, funcid) VALUES (1, 10104);
INSERT INTO SM_ROLEFUNC (roleid, funcid) VALUES (1, 10105);

INSERT INTO SM_ROLEFUNC (roleid, funcid) VALUES (2, 10101);
INSERT INTO SM_ROLEFUNC (roleid, funcid) VALUES (2, 10102);
INSERT INTO SM_ROLEFUNC (roleid, funcid) VALUES (2, 10103);

INSERT INTO SM_ROLEFUNC (roleid, funcid) VALUES (3, 10103);
INSERT INTO SM_ROLEFUNC (roleid, funcid) VALUES (3, 10104);
INSERT INTO SM_ROLEFUNC (roleid, funcid) VALUES (3, 10105);


