DELETE FROM hxtd.sm_user;
INSERT INTO hxtd.sm_user (ID, LOGIN_NAME, PASSWORD, CODE, USER_NAME, `ORDER`, IS_ACTIVE, JOB_SITUATION, SEX_ID, PHONE, MOBILE, EMAIL, QQ, IS_MANAGER, JOB_NAME, REMARK, CREATOR_ID, CREATED_TIME, MODIFIER_ID, MODIFIED_TIME, STORE_STATUS, ORGANIZATION_ID, IS_DELETED)
VALUES (1, 'admin', 'e10adc3949ba59abbe56e057f20f883e', '', '管理员', 1, '1', 1040301, 11010215, '18620088324', '0000000000', '00000000@gmail.com', '000000000', 1, '工程师', '', 1, '2014-05-26 00:00:00.0', 1, '2014-05-26 19:29:03.0', 1040401, 1, 0);

DELETE FROM hxtd.sm_role;
INSERT INTO hxtd.sm_role (ID, CODE, NAME, TYPE, REMARK, CREATOR_ID, CREATED_TIME, MODIFIER_ID, MODIFIED_TIME, IS_DELETED) VALUES (1, '1', '管理员', 1050101, '管理员', 1, '2014-06-19 13:49:31.0', 1, '2014-06-19 13:49:31.0', 0);
INSERT INTO hxtd.sm_role (ID, CODE, NAME, TYPE, REMARK, CREATOR_ID, CREATED_TIME, MODIFIER_ID, MODIFIED_TIME, IS_DELETED) VALUES (2, '2', '数据管理员', 1050101, '数据管理员', 1, '2014-06-19 13:49:31.0', 1, '2014-06-19 13:49:31.0', 0);

DELETE FROM hxtd.sm_dictionary;
INSERT INTO hxtd.sm_dictionary (ID, `KEY`, VALUE, PARENT_ID, LEVEL, `ORDER`, TYPE, IS_ACTIVE, REMARK, CREATOR_ID, CREATED_TIME, MODIFIER_ID, MODIFIED_TIME, IS_DELETED) VALUES (1, '打开方式', '01', 1030101, NULL, 0, '显示位置', 1, '', 1, '2014-06-06 13:32:39.0', 1, '2014-06-25 10:31:51.0', 1);
INSERT INTO hxtd.sm_dictionary (ID, `KEY`, VALUE, PARENT_ID, LEVEL, `ORDER`, TYPE, IS_ACTIVE, REMARK, CREATOR_ID, CREATED_TIME, MODIFIER_ID, MODIFIED_TIME, IS_DELETED) VALUES (2, '显示位置', '02', NULL, NULL, NULL, NULL, 1, '', 1, '2014-06-06 13:34:20.0', 1, '2014-06-19 14:23:56.0', 0);
INSERT INTO hxtd.sm_dictionary (ID, `KEY`, VALUE, PARENT_ID, LEVEL, `ORDER`, TYPE, IS_ACTIVE, REMARK, CREATOR_ID, CREATED_TIME, MODIFIER_ID, MODIFIED_TIME, IS_DELETED) VALUES (3, '机构类型', '03', NULL, NULL, NULL, NULL, 1, '', 1, '2014-06-06 13:35:25.0', 1, '2014-06-06 13:36:14.0', 0);
INSERT INTO hxtd.sm_dictionary (ID, `KEY`, VALUE, PARENT_ID, LEVEL, `ORDER`, TYPE, IS_ACTIVE, REMARK, CREATOR_ID, CREATED_TIME, MODIFIER_ID, MODIFIED_TIME, IS_DELETED) VALUES (10201, '打开方式', '010201', NULL, NULL, 0, NULL, 1, '用户菜单打开方式', 1, '2014-05-26 00:00:00.0', 1, '2014-06-19 14:24:06.0', 0);
INSERT INTO hxtd.sm_dictionary (ID, `KEY`, VALUE, PARENT_ID, LEVEL, `ORDER`, TYPE, IS_ACTIVE, REMARK, CREATOR_ID, CREATED_TIME, MODIFIER_ID, MODIFIED_TIME, IS_DELETED) VALUES (10202, '显示位置', '010202', NULL, 0, 0, NULL, 1, '菜单显示位置', 1, '2014-05-26 00:00:00.0', 1, '2014-05-26 19:29:02.0', 0);
INSERT INTO hxtd.sm_dictionary (ID, `KEY`, VALUE, PARENT_ID, LEVEL, `ORDER`, TYPE, IS_ACTIVE, REMARK, CREATOR_ID, CREATED_TIME, MODIFIER_ID, MODIFIED_TIME, IS_DELETED) VALUES (10301, '类型', '010301', NULL, 0, 0, NULL, 1, '组织类型', 1, '2014-05-26 00:00:00.0', 1, '2014-05-26 19:29:02.0', 1);
INSERT INTO hxtd.sm_dictionary (ID, `KEY`, VALUE, PARENT_ID, LEVEL, `ORDER`, TYPE, IS_ACTIVE, REMARK, CREATOR_ID, CREATED_TIME, MODIFIER_ID, MODIFIED_TIME, IS_DELETED) VALUES (10401, '类型', '010401', NULL, 0, 0, NULL, 1, '用户类型', NULL, '2014-05-26 00:00:00.0', 1, '2014-05-26 19:29:02.0', 0);
INSERT INTO hxtd.sm_dictionary (ID, `KEY`, VALUE, PARENT_ID, LEVEL, `ORDER`, TYPE, IS_ACTIVE, REMARK, CREATOR_ID, CREATED_TIME, MODIFIER_ID, MODIFIED_TIME, IS_DELETED) VALUES (10403, '工作状态', '010403', NULL, 0, 0, NULL, 1, '用户工作状态', 1, '2014-05-26 00:00:00.0', 1, '2014-05-26 19:29:03.0', 1);
INSERT INTO hxtd.sm_dictionary (ID, `KEY`, VALUE, PARENT_ID, LEVEL, `ORDER`, TYPE, IS_ACTIVE, REMARK, CREATOR_ID, CREATED_TIME, MODIFIER_ID, MODIFIED_TIME, IS_DELETED) VALUES (10404, '数据存储状态', '010404', NULL, 0, 0, NULL, 1, '用户数据存储状态', 1, '2014-05-26 00:00:00.0', 1, '2014-05-26 19:29:03.0', 0);
INSERT INTO hxtd.sm_dictionary (ID, `KEY`, VALUE, PARENT_ID, LEVEL, `ORDER`, TYPE, IS_ACTIVE, REMARK, CREATOR_ID, CREATED_TIME, MODIFIER_ID, MODIFIED_TIME, IS_DELETED) VALUES (10501, '角色类型', '010501', NULL, 0, 0, NULL, 1, '角色类型', 1, '2014-05-26 00:00:00.0', 1, '2014-05-26 19:29:03.0', 0);
INSERT INTO hxtd.sm_dictionary (ID, `KEY`, VALUE, PARENT_ID, LEVEL, `ORDER`, TYPE, IS_ACTIVE, REMARK, CREATOR_ID, CREATED_TIME, MODIFIER_ID, MODIFIED_TIME, IS_DELETED) VALUES (10601, '权限级别', '010601', NULL, 0, 0, NULL, 1, '功能权限级别', 1, '2014-05-26 00:00:00.0', 1, '2014-06-04 10:59:39.0', 0);
INSERT INTO hxtd.sm_dictionary (ID, `KEY`, VALUE, PARENT_ID, LEVEL, `ORDER`, TYPE, IS_ACTIVE, REMARK, CREATOR_ID, CREATED_TIME, MODIFIER_ID, MODIFIED_TIME, IS_DELETED) VALUES (30101, '活动类型', '030101', NULL, 0, 0, NULL, 1, '', 1, '2014-05-27 10:50:08.0', 1, '2014-05-27 10:50:08.0', 0);
INSERT INTO hxtd.sm_dictionary (ID, `KEY`, VALUE, PARENT_ID, LEVEL, `ORDER`, TYPE, IS_ACTIVE, REMARK, CREATOR_ID, CREATED_TIME, MODIFIER_ID, MODIFIED_TIME, IS_DELETED) VALUES (30102, '活动状态', '030102', NULL, 0, 0, NULL, 1, '', 1, '2014-05-27 10:56:52.0', 1, '2014-05-27 10:56:52.0', 0);
INSERT INTO hxtd.sm_dictionary (ID, `KEY`, VALUE, PARENT_ID, LEVEL, `ORDER`, TYPE, IS_ACTIVE, REMARK, CREATOR_ID, CREATED_TIME, MODIFIER_ID, MODIFIED_TIME, IS_DELETED) VALUES (40101, '线索来源', '040101', NULL, 0, 0, NULL, 1, '线索来源', 1, '2014-05-29 10:10:48.0', 1, '2014-05-29 10:10:38.0', 0);
INSERT INTO hxtd.sm_dictionary (ID, `KEY`, VALUE, PARENT_ID, LEVEL, `ORDER`, TYPE, IS_ACTIVE, REMARK, CREATOR_ID, CREATED_TIME, MODIFIER_ID, MODIFIED_TIME, IS_DELETED) VALUES (40102, '线索状态', '040102', NULL, 0, 0, NULL, 1, '线索状态', 1, '2014-05-29 10:12:27.0', 1, '2014-05-29 10:12:16.0', 0);
INSERT INTO hxtd.sm_dictionary (ID, `KEY`, VALUE, PARENT_ID, LEVEL, `ORDER`, TYPE, IS_ACTIVE, REMARK, CREATOR_ID, CREATED_TIME, MODIFIER_ID, MODIFIED_TIME, IS_DELETED) VALUES (40103, '银行卡类型', '040103', NULL, 0, 0, NULL, 1, '证件类型', 1, '2014-05-29 10:13:42.0', 1, '2014-06-05 16:38:25.0', 0);
INSERT INTO hxtd.sm_dictionary (ID, `KEY`, VALUE, PARENT_ID, LEVEL, `ORDER`, TYPE, IS_ACTIVE, REMARK, CREATOR_ID, CREATED_TIME, MODIFIER_ID, MODIFIED_TIME, IS_DELETED) VALUES (40201, '支付方式', '040201', NULL, 0, 0, NULL, 1, '支付方式', 1, '2014-06-26 16:10:17.0', 1, '2014-06-26 16:10:10.0', 0);
INSERT INTO hxtd.sm_dictionary (ID, `KEY`, VALUE, PARENT_ID, LEVEL, `ORDER`, TYPE, IS_ACTIVE, REMARK, CREATOR_ID, CREATED_TIME, MODIFIER_ID, MODIFIED_TIME, IS_DELETED) VALUES (40301, '客户类型', '040301', NULL, 0, 0, NULL, 1, '客户类型', 1, '2014-05-27 15:20:19.0', 1, '2014-05-28 12:36:53.0', 0);
INSERT INTO hxtd.sm_dictionary (ID, `KEY`, VALUE, PARENT_ID, LEVEL, `ORDER`, TYPE, IS_ACTIVE, REMARK, CREATOR_ID, CREATED_TIME, MODIFIER_ID, MODIFIED_TIME, IS_DELETED) VALUES (40302, '客户来源', '040302', NULL, 0, 0, NULL, 1, '客户来源', 1, '2014-05-27 17:16:45.0', 1, '2014-05-27 17:34:23.0', 0);
INSERT INTO hxtd.sm_dictionary (ID, `KEY`, VALUE, PARENT_ID, LEVEL, `ORDER`, TYPE, IS_ACTIVE, REMARK, CREATOR_ID, CREATED_TIME, MODIFIER_ID, MODIFIED_TIME, IS_DELETED) VALUES (40303, '证件类型', '040303', NULL, 0, 0, NULL, 1, '证件类型', 1, '2014-05-27 17:39:55.0', 1, '2014-05-27 17:40:02.0', 0);
INSERT INTO hxtd.sm_dictionary (ID, `KEY`, VALUE, PARENT_ID, LEVEL, `ORDER`, TYPE, IS_ACTIVE, REMARK, CREATOR_ID, CREATED_TIME, MODIFIER_ID, MODIFIED_TIME, IS_DELETED) VALUES (40304, '风险等级', '040304', NULL, 0, 0, NULL, 1, '风险等级', 1, '2014-05-27 17:48:08.0', 1, '2014-05-27 17:48:20.0', 0);
INSERT INTO hxtd.sm_dictionary (ID, `KEY`, VALUE, PARENT_ID, LEVEL, `ORDER`, TYPE, IS_ACTIVE, REMARK, CREATOR_ID, CREATED_TIME, MODIFIER_ID, MODIFIED_TIME, IS_DELETED) VALUES (40305, '行业', '040305', NULL, 0, 0, NULL, 1, '行业', 1, '2014-05-29 10:14:48.0', 1, '2014-05-29 10:16:08.0', 0);
INSERT INTO hxtd.sm_dictionary (ID, `KEY`, VALUE, PARENT_ID, LEVEL, `ORDER`, TYPE, IS_ACTIVE, REMARK, CREATOR_ID, CREATED_TIME, MODIFIER_ID, MODIFIED_TIME, IS_DELETED) VALUES (40306, '所有权', '040306', NULL, 0, 0, NULL, 1, '所有权', 1, '2014-05-27 18:05:37.0', 1, '2014-05-27 18:05:43.0', 0);
INSERT INTO hxtd.sm_dictionary (ID, `KEY`, VALUE, PARENT_ID, LEVEL, `ORDER`, TYPE, IS_ACTIVE, REMARK, CREATOR_ID, CREATED_TIME, MODIFIER_ID, MODIFIED_TIME, IS_DELETED) VALUES (40307, '开户行', '040307', NULL, 0, 0, NULL, 1, '开户行', 1, '2014-05-27 18:29:45.0', 1, '2014-05-27 18:29:50.0', 0);
INSERT INTO hxtd.sm_dictionary (ID, `KEY`, VALUE, PARENT_ID, LEVEL, `ORDER`, TYPE, IS_ACTIVE, REMARK, CREATOR_ID, CREATED_TIME, MODIFIER_ID, MODIFIED_TIME, IS_DELETED) VALUES (50101, '供应商类型', '050101', NULL, 0, 0, NULL, 1, '供应商类型', 1, '2014-05-26 00:00:00.0', 1, '2014-05-29 10:10:02.0', 0);
INSERT INTO hxtd.sm_dictionary (ID, `KEY`, VALUE, PARENT_ID, LEVEL, `ORDER`, TYPE, IS_ACTIVE, REMARK, CREATOR_ID, CREATED_TIME, MODIFIER_ID, MODIFIED_TIME, IS_DELETED) VALUES (100401, '操作类型', '100401', 0, 0, 0, NULL, 1, '操作类型', 1, '2014-06-23 18:36:54.0', 1, '2014-06-23 18:37:07.0', 0);
INSERT INTO hxtd.sm_dictionary (ID, `KEY`, VALUE, PARENT_ID, LEVEL, `ORDER`, TYPE, IS_ACTIVE, REMARK, CREATOR_ID, CREATED_TIME, MODIFIER_ID, MODIFIED_TIME, IS_DELETED) VALUES (110101, '关联模块', '110101', NULL, 0, 0, NULL, 1, '附件关联模块', 1, '2014-05-27 10:29:14.0', 1, '2014-05-27 10:29:21.0', 0);
INSERT INTO hxtd.sm_dictionary (ID, `KEY`, VALUE, PARENT_ID, LEVEL, `ORDER`, TYPE, IS_ACTIVE, REMARK, CREATOR_ID, CREATED_TIME, MODIFIER_ID, MODIFIED_TIME, IS_DELETED) VALUES (110102, '附件类型', '110102', NULL, 0, 0, NULL, 1, '附件类型', 1, '2014-05-27 10:29:53.0', 1, '2014-05-27 10:29:50.0', 0);
INSERT INTO hxtd.sm_dictionary (ID, `KEY`, VALUE, PARENT_ID, LEVEL, `ORDER`, TYPE, IS_ACTIVE, REMARK, CREATOR_ID, CREATED_TIME, MODIFIER_ID, MODIFIED_TIME, IS_DELETED)
VALUES (1020101, '常规的', '01020101', 10201, 0, 0, '菜单打开方式', 1, '用户菜单打开方式', 1, '2014-05-26 00:00:00.0', 1, '2014-05-26 19:29:02.0', 0);
INSERT INTO hxtd.sm_dictionary (ID, `KEY`, VALUE, PARENT_ID, LEVEL, `ORDER`, TYPE, IS_ACTIVE, REMARK, CREATOR_ID, CREATED_TIME, MODIFIER_ID, MODIFIED_TIME, IS_DELETED) VALUES (1020201, '标题栏右侧', '01020201', 10202, 0, 0, '显示位置', 1, '菜单显示位置', 1, '2014-05-26 00:00:00.0', 1, '2014-05-26 19:29:02.0', 0);
INSERT INTO hxtd.sm_dictionary (ID, `KEY`, VALUE, PARENT_ID, LEVEL, `ORDER`, TYPE, IS_ACTIVE, REMARK, CREATOR_ID, CREATED_TIME, MODIFIER_ID, MODIFIED_TIME, IS_DELETED) VALUES (1020202, '菜单栏', '01020202', 10202, 0, 0, '显示位置', 1, '菜单显示位置', 1, '2014-05-26 00:00:00.0', 1, '2014-05-26 19:29:02.0', 0);
INSERT INTO hxtd.sm_dictionary (ID, `KEY`, VALUE, PARENT_ID, LEVEL, `ORDER`, TYPE, IS_ACTIVE, REMARK, CREATOR_ID, CREATED_TIME, MODIFIER_ID, MODIFIED_TIME, IS_DELETED) VALUES (1030101, '公司', '01030101', 10301, 0, 0, '机构类型', 1, '组织类型', 1, '2014-05-26 00:00:00.0', 1, '2014-05-26 19:29:02.0', 0);
INSERT INTO hxtd.sm_dictionary (ID, `KEY`, VALUE, PARENT_ID, LEVEL, `ORDER`, TYPE, IS_ACTIVE, REMARK, CREATOR_ID, CREATED_TIME, MODIFIER_ID, MODIFIED_TIME, IS_DELETED) VALUES (1030102, '部门', '01030102', 10301, 0, 0, '机构类型', 1, '组织类型', 1, '2014-05-26 00:00:00.0', 1, '2014-05-26 19:29:02.0', 0);
INSERT INTO hxtd.sm_dictionary (ID, `KEY`, VALUE, PARENT_ID, LEVEL, `ORDER`, TYPE, IS_ACTIVE, REMARK, CREATOR_ID, CREATED_TIME, MODIFIER_ID, MODIFIED_TIME, IS_DELETED) VALUES (1030103, '组', '01030103', 10301, 0, 0, '机构类型', 1, '组织类型', 1, '2014-05-26 00:00:00.0', 1, '2014-05-26 19:29:02.0', 0);
INSERT INTO hxtd.sm_dictionary (ID, `KEY`, VALUE, PARENT_ID, LEVEL, `ORDER`, TYPE, IS_ACTIVE, REMARK, CREATOR_ID, CREATED_TIME, MODIFIER_ID, MODIFIED_TIME, IS_DELETED) VALUES (1040101, '管理员', '01040101', 10401, 0, 0, '用户类型', 1, '用户类型', 1, '2014-05-26 00:00:00.0', 1, '2014-05-26 19:29:03.0', 0);
INSERT INTO hxtd.sm_dictionary (ID, `KEY`, VALUE, PARENT_ID, LEVEL, `ORDER`, TYPE, IS_ACTIVE, REMARK, CREATOR_ID, CREATED_TIME, MODIFIER_ID, MODIFIED_TIME, IS_DELETED) VALUES (1040102, '常规人员', '01040102', 10401, 0, 0, '用户类型', 1, '用户类型', 1, '2014-05-26 00:00:00.0', 1, '2014-05-26 19:29:03.0', 0);
INSERT INTO hxtd.sm_dictionary (ID, `KEY`, VALUE, PARENT_ID, LEVEL, `ORDER`, TYPE, IS_ACTIVE, REMARK, CREATOR_ID, CREATED_TIME, MODIFIER_ID, MODIFIED_TIME, IS_DELETED) VALUES (1040301, '在岗', '01040301', 10403, 0, 0, '在岗状态', 1, '用户工作状态', 1, '2014-05-26 00:00:00.0', 1, '2014-05-26 19:29:03.0', 0);
INSERT INTO hxtd.sm_dictionary (ID, `KEY`, VALUE, PARENT_ID, LEVEL, `ORDER`, TYPE, IS_ACTIVE, REMARK, CREATOR_ID, CREATED_TIME, MODIFIER_ID, MODIFIED_TIME, IS_DELETED) VALUES (1040302, '离岗', '01040302', 10403, 0, 0, '在岗状态', 1, '用户工作状态', 1, '2014-05-26 00:00:00.0', 1, '2014-05-26 19:29:03.0', 0);
INSERT INTO hxtd.sm_dictionary (ID, `KEY`, VALUE, PARENT_ID, LEVEL, `ORDER`, TYPE, IS_ACTIVE, REMARK, CREATOR_ID, CREATED_TIME, MODIFIER_ID, MODIFIED_TIME, IS_DELETED)
VALUES (1040401, '最新的', '01040401', 10404, 0, 0, '数据存储状态', 1, '用户数据存储状态', 1, '2014-05-26 00:00:00.0', 1, '2014-05-26 19:29:03.0', 0);
INSERT INTO hxtd.sm_dictionary (ID, `KEY`, VALUE, PARENT_ID, LEVEL, `ORDER`, TYPE, IS_ACTIVE, REMARK, CREATOR_ID, CREATED_TIME, MODIFIER_ID, MODIFIED_TIME, IS_DELETED)
VALUES (1040402, '延迟的', '01040402', 10404, 0, 0, '数据存储状态', 1, '用户数据存储状态', 1, '2014-05-26 00:00:00.0', 1, '2014-05-26 19:29:03.0', 0);
INSERT INTO hxtd.sm_dictionary (ID, `KEY`, VALUE, PARENT_ID, LEVEL, `ORDER`, TYPE, IS_ACTIVE, REMARK, CREATOR_ID, CREATED_TIME, MODIFIER_ID, MODIFIED_TIME, IS_DELETED) VALUES (1050101, '常规的', '01050101', 10501, 0, 0, '角色类型', 1, '角色类型', 1, '2014-05-26 00:00:00.0', 1, '2014-05-26 19:29:03.0', 0);
INSERT INTO hxtd.sm_dictionary (ID, `KEY`, VALUE, PARENT_ID, LEVEL, `ORDER`, TYPE, IS_ACTIVE, REMARK, CREATOR_ID, CREATED_TIME, MODIFIER_ID, MODIFIED_TIME, IS_DELETED) VALUES (1060101, '公共', '01060101', 10601, 0, 0, '权限级别', 1, '功能权限级别', 1, '2014-05-26 00:00:00.0', 1, '2014-05-26 19:29:03.0', 0);
INSERT INTO hxtd.sm_dictionary (ID, `KEY`, VALUE, PARENT_ID, LEVEL, `ORDER`, TYPE, IS_ACTIVE, REMARK, CREATOR_ID, CREATED_TIME, MODIFIER_ID, MODIFIED_TIME, IS_DELETED) VALUES (1060102, '身份认证', '01060102', 10601, 0, 0, '权限级别', 1, '功能权限级别', 1, '2014-05-26 00:00:00.0', 1, '2014-05-26 19:29:03.0', 0);
INSERT INTO hxtd.sm_dictionary (ID, `KEY`, VALUE, PARENT_ID, LEVEL, `ORDER`, TYPE, IS_ACTIVE, REMARK, CREATOR_ID, CREATED_TIME, MODIFIER_ID, MODIFIED_TIME, IS_DELETED) VALUES (1060103, '权限认证', '01060103', 10601, 0, 0, '权限级别', 1, '功能权限级别', 1, '2014-05-26 00:00:00.0', 1, '2014-05-26 19:29:03.0', 0);
INSERT INTO hxtd.sm_dictionary (ID, `KEY`, VALUE, PARENT_ID, LEVEL, `ORDER`, TYPE, IS_ACTIVE, REMARK, CREATOR_ID, CREATED_TIME, MODIFIER_ID, MODIFIED_TIME, IS_DELETED) VALUES (3010101, '交易会', '03010101', 30101, 0, 0, '活动类型', 1, '', 1, '2014-05-27 10:53:58.0', 1, '2014-05-27 10:53:58.0', 0);
INSERT INTO hxtd.sm_dictionary (ID, `KEY`, VALUE, PARENT_ID, LEVEL, `ORDER`, TYPE, IS_ACTIVE, REMARK, CREATOR_ID, CREATED_TIME, MODIFIER_ID, MODIFIED_TIME, IS_DELETED) VALUES (3010102, 'Web研讨', '03010102', 30101, 0, 0, '活动类型', 1, '', 1, '2014-05-27 10:53:58.0', 1, '2014-05-27 10:53:58.0', 0);
INSERT INTO hxtd.sm_dictionary (ID, `KEY`, VALUE, PARENT_ID, LEVEL, `ORDER`, TYPE, IS_ACTIVE, REMARK, CREATOR_ID, CREATED_TIME, MODIFIER_ID, MODIFIED_TIME, IS_DELETED) VALUES (3010103, '公开媒体', '03010103', 30101, 0, 0, '活动类型', 1, '', 1, '2014-05-27 10:53:58.0', 1, '2014-05-27 10:53:58.0', 0);
INSERT INTO hxtd.sm_dictionary (ID, `KEY`, VALUE, PARENT_ID, LEVEL, `ORDER`, TYPE, IS_ACTIVE, REMARK, CREATOR_ID, CREATED_TIME, MODIFIER_ID, MODIFIED_TIME, IS_DELETED) VALUES (3010104, '合作伙伴', '03010104', 30101, 0, 0, '活动类型', 1, '', 1, '2014-05-27 10:53:58.0', 1, '2014-05-27 10:53:58.0', 0);
INSERT INTO hxtd.sm_dictionary (ID, `KEY`, VALUE, PARENT_ID, LEVEL, `ORDER`, TYPE, IS_ACTIVE, REMARK, CREATOR_ID, CREATED_TIME, MODIFIER_ID, MODIFIED_TIME, IS_DELETED) VALUES (3010105, '广告', '03010105', 30101, 0, 0, '活动类型', 1, '', 1, '2014-05-27 10:53:58.0', 1, '2014-05-27 10:53:58.0', 0);
INSERT INTO hxtd.sm_dictionary (ID, `KEY`, VALUE, PARENT_ID, LEVEL, `ORDER`, TYPE, IS_ACTIVE, REMARK, CREATOR_ID, CREATED_TIME, MODIFIER_ID, MODIFIED_TIME, IS_DELETED) VALUES (3010106, '电子市场', '03010106', 30101, 0, 0, '活动类型', 1, '', 1, '2014-05-27 10:53:58.0', 1, '2014-05-27 10:53:58.0', 0);
INSERT INTO hxtd.sm_dictionary (ID, `KEY`, VALUE, PARENT_ID, LEVEL, `ORDER`, TYPE, IS_ACTIVE, REMARK, CREATOR_ID, CREATED_TIME, MODIFIER_ID, MODIFIED_TIME, IS_DELETED) VALUES (3010107, '邮箱', '03010107', 30101, 0, 0, '活动类型', 1, '', 1, '2014-05-27 10:53:58.0', 1, '2014-05-27 10:53:58.0', 0);
INSERT INTO hxtd.sm_dictionary (ID, `KEY`, VALUE, PARENT_ID, LEVEL, `ORDER`, TYPE, IS_ACTIVE, REMARK, CREATOR_ID, CREATED_TIME, MODIFIER_ID, MODIFIED_TIME, IS_DELETED) VALUES (3010108, '其它', '03010108', 30101, 0, 0, '活动类型', 1, '', 1, '2014-05-27 10:53:58.0', 1, '2014-05-27 10:53:58.0', 0);
INSERT INTO hxtd.sm_dictionary (ID, `KEY`, VALUE, PARENT_ID, LEVEL, `ORDER`, TYPE, IS_ACTIVE, REMARK, CREATOR_ID, CREATED_TIME, MODIFIER_ID, MODIFIED_TIME, IS_DELETED) VALUES (3010201, '计划中', '03010201', 30102, 0, 0, '活动状态', 1, '', 1, '2014-05-27 10:56:52.0', 1, '2014-05-27 10:56:52.0', 0);
INSERT INTO hxtd.sm_dictionary (ID, `KEY`, VALUE, PARENT_ID, LEVEL, `ORDER`, TYPE, IS_ACTIVE, REMARK, CREATOR_ID, CREATED_TIME, MODIFIER_ID, MODIFIED_TIME, IS_DELETED) VALUES (3010202, '激活', '03010202', 30102, 0, 0, '活动状态', 1, '', 1, '2014-05-27 10:56:52.0', 1, '2014-05-27 10:56:52.0', 0);
INSERT INTO hxtd.sm_dictionary (ID, `KEY`, VALUE, PARENT_ID, LEVEL, `ORDER`, TYPE, IS_ACTIVE, REMARK, CREATOR_ID, CREATED_TIME, MODIFIER_ID, MODIFIED_TIME, IS_DELETED) VALUES (3010203, '休眠', '03010203', 30102, 0, 0, '活动状态', 1, '', 1, '2014-05-27 10:56:52.0', 1, '2014-05-27 10:56:52.0', 0);
INSERT INTO hxtd.sm_dictionary (ID, `KEY`, VALUE, PARENT_ID, LEVEL, `ORDER`, TYPE, IS_ACTIVE, REMARK, CREATOR_ID, CREATED_TIME, MODIFIER_ID, MODIFIED_TIME, IS_DELETED) VALUES (3010204, '完成', '03010204', 30102, 0, 0, '活动状态', 1, '', 1, '2014-05-27 10:56:52.0', 1, '2014-05-27 10:56:52.0', 0);
INSERT INTO hxtd.sm_dictionary (ID, `KEY`, VALUE, PARENT_ID, LEVEL, `ORDER`, TYPE, IS_ACTIVE, REMARK, CREATOR_ID, CREATED_TIME, MODIFIER_ID, MODIFIED_TIME, IS_DELETED) VALUES (4010101, '市场活动获得', '04010101', 40101, 0, 0, '线索来源', 1, '市场活动获得', 1, '2014-05-29 10:11:36.0', 1, '2014-05-29 10:15:46.0', 0);
INSERT INTO hxtd.sm_dictionary (ID, `KEY`, VALUE, PARENT_ID, LEVEL, `ORDER`, TYPE, IS_ACTIVE, REMARK, CREATOR_ID, CREATED_TIME, MODIFIER_ID, MODIFIED_TIME, IS_DELETED) VALUES (4010201, '待跟进', '04010201', 40102, 0, 0, '线索状态', 1, '待跟进', 1, '2014-05-29 10:12:54.0', 1, '2014-05-29 10:15:49.0', 0);
INSERT INTO hxtd.sm_dictionary (ID, `KEY`, VALUE, PARENT_ID, LEVEL, `ORDER`, TYPE, IS_ACTIVE, REMARK, CREATOR_ID, CREATED_TIME, MODIFIER_ID, MODIFIED_TIME, IS_DELETED) VALUES (4010301, '借记卡', '04010301', 40103, 0, 0, '银行卡类型', 1, '借记卡', 1, '2014-05-29 10:14:10.0', 1, '2014-05-29 11:17:02.0', 0);
INSERT INTO hxtd.sm_dictionary (ID, `KEY`, VALUE, PARENT_ID, LEVEL, `ORDER`, TYPE, IS_ACTIVE, REMARK, CREATOR_ID, CREATED_TIME, MODIFIER_ID, MODIFIED_TIME, IS_DELETED) VALUES (4020101, '现金', '04020101', 40201, 0, 0, '支付方式', 1, '现金支付', 1, '2014-06-26 16:11:08.0', 1, '2014-06-26 16:10:56.0', 0);
INSERT INTO hxtd.sm_dictionary (ID, `KEY`, VALUE, PARENT_ID, LEVEL, `ORDER`, TYPE, IS_ACTIVE, REMARK, CREATOR_ID, CREATED_TIME, MODIFIER_ID, MODIFIED_TIME, IS_DELETED) VALUES (4020102, '支票', '04020102', 40201, 0, 0, '支票', 1, '支票支付', 1, '2014-06-26 16:11:52.0', 1, '2014-06-26 16:11:40.0', 0);
INSERT INTO hxtd.sm_dictionary (ID, `KEY`, VALUE, PARENT_ID, LEVEL, `ORDER`, TYPE, IS_ACTIVE, REMARK, CREATOR_ID, CREATED_TIME, MODIFIER_ID, MODIFIED_TIME, IS_DELETED) VALUES (4030101, '普通客户', '04030101', 40301, 0, 0, '客户类型', 1, '普通客户', 1, '2014-05-27 15:21:24.0', 1, '2014-05-27 15:21:24.0', 0);
INSERT INTO hxtd.sm_dictionary (ID, `KEY`, VALUE, PARENT_ID, LEVEL, `ORDER`, TYPE, IS_ACTIVE, REMARK, CREATOR_ID, CREATED_TIME, MODIFIER_ID, MODIFIED_TIME, IS_DELETED) VALUES (4030102, '非普通客户', '04030102', 40301, 0, 0, '客户类型', 1, '非普通客户', 1, '2014-05-27 15:22:02.0', 1, '2014-05-27 15:22:01.0', 0);
INSERT INTO hxtd.sm_dictionary (ID, `KEY`, VALUE, PARENT_ID, LEVEL, `ORDER`, TYPE, IS_ACTIVE, REMARK, CREATOR_ID, CREATED_TIME, MODIFIER_ID, MODIFIED_TIME, IS_DELETED) VALUES (4030201, '电话来访', '04030201', 40302, 0, 0, '客户来源', 1, '电话来访', 1, '2014-05-27 17:18:10.0', 1, '2014-05-28 14:04:26.0', 0);
INSERT INTO hxtd.sm_dictionary (ID, `KEY`, VALUE, PARENT_ID, LEVEL, `ORDER`, TYPE, IS_ACTIVE, REMARK, CREATOR_ID, CREATED_TIME, MODIFIER_ID, MODIFIED_TIME, IS_DELETED) VALUES (4030202, '老客户', '04030202', 40302, 0, 0, '客户来源', 1, '老客户', 1, '2014-05-27 17:19:28.0', 1, '2014-05-28 14:04:29.0', 0);
INSERT INTO hxtd.sm_dictionary (ID, `KEY`, VALUE, PARENT_ID, LEVEL, `ORDER`, TYPE, IS_ACTIVE, REMARK, CREATOR_ID, CREATED_TIME, MODIFIER_ID, MODIFIED_TIME, IS_DELETED) VALUES (4030203, '客户介绍', '04030203', 40302, 0, 0, '客户来源', 1, '客户介绍', 1, '2014-05-27 17:20:22.0', 1, '2014-05-29 17:01:06.0', 0);
INSERT INTO hxtd.sm_dictionary (ID, `KEY`, VALUE, PARENT_ID, LEVEL, `ORDER`, TYPE, IS_ACTIVE, REMARK, CREATOR_ID, CREATED_TIME, MODIFIER_ID, MODIFIED_TIME, IS_DELETED) VALUES (4030204, '独立开发', '04030204', 40302, 0, 0, '客户来源', 1, '独立开发', 1, '2014-05-27 17:21:27.0', 1, '2014-05-29 17:01:07.0', 0);
INSERT INTO hxtd.sm_dictionary (ID, `KEY`, VALUE, PARENT_ID, LEVEL, `ORDER`, TYPE, IS_ACTIVE, REMARK, CREATOR_ID, CREATED_TIME, MODIFIER_ID, MODIFIED_TIME, IS_DELETED) VALUES (4030205, '媒体宣传', '04030205', 40302, 0, 0, '客户来源', 1, '媒体宣传', 1, '2014-05-27 17:22:25.0', 1, '2014-05-29 17:01:08.0', 0);
INSERT INTO hxtd.sm_dictionary (ID, `KEY`, VALUE, PARENT_ID, LEVEL, `ORDER`, TYPE, IS_ACTIVE, REMARK, CREATOR_ID, CREATED_TIME, MODIFIER_ID, MODIFIED_TIME, IS_DELETED) VALUES (4030206, '线索转换', '04030206', 40302, 0, 0, '客户来源', 1, '线索转换来的客户', 1, '2014-06-26 09:14:11.0', 1, '2014-06-26 09:14:08.0', 0);
INSERT INTO hxtd.sm_dictionary (ID, `KEY`, VALUE, PARENT_ID, LEVEL, `ORDER`, TYPE, IS_ACTIVE, REMARK, CREATOR_ID, CREATED_TIME, MODIFIER_ID, MODIFIED_TIME, IS_DELETED) VALUES (4030301, '身份证', '04030301', 40303, 0, 0, '证件类型', 1, '身份证', 1, '2014-05-27 17:41:26.0', 1, '2014-05-28 14:05:00.0', 0);
INSERT INTO hxtd.sm_dictionary (ID, `KEY`, VALUE, PARENT_ID, LEVEL, `ORDER`, TYPE, IS_ACTIVE, REMARK, CREATOR_ID, CREATED_TIME, MODIFIER_ID, MODIFIED_TIME, IS_DELETED) VALUES (4030302, '工作证', '04030302', 40303, 0, 0, '证件类型', 1, '工作证', 1, '2014-05-27 17:42:26.0', 1, '2014-05-28 14:05:04.0', 0);
INSERT INTO hxtd.sm_dictionary (ID, `KEY`, VALUE, PARENT_ID, LEVEL, `ORDER`, TYPE, IS_ACTIVE, REMARK, CREATOR_ID, CREATED_TIME, MODIFIER_ID, MODIFIED_TIME, IS_DELETED) VALUES (4030303, '其他', '04030303', 40303, 0, 0, '证件类型', 1, '其他', 1, '2014-05-27 17:43:09.0', 1, '2014-05-28 14:05:08.0', 0);
INSERT INTO hxtd.sm_dictionary (ID, `KEY`, VALUE, PARENT_ID, LEVEL, `ORDER`, TYPE, IS_ACTIVE, REMARK, CREATOR_ID, CREATED_TIME, MODIFIER_ID, MODIFIED_TIME, IS_DELETED) VALUES (4030401, '一级', '04030401', 40304, 0, 0, '风险等级', 1, '一级', 1, '2014-05-27 17:49:01.0', 1, '2014-05-28 14:05:17.0', 0);
INSERT INTO hxtd.sm_dictionary (ID, `KEY`, VALUE, PARENT_ID, LEVEL, `ORDER`, TYPE, IS_ACTIVE, REMARK, CREATOR_ID, CREATED_TIME, MODIFIER_ID, MODIFIED_TIME, IS_DELETED) VALUES (4030402, '二级', '04030402', 40304, 0, 0, '风险等级', 1, '二级', 2, '2014-05-27 17:49:32.0', 1, '2014-05-28 14:05:31.0', 0);
INSERT INTO hxtd.sm_dictionary (ID, `KEY`, VALUE, PARENT_ID, LEVEL, `ORDER`, TYPE, IS_ACTIVE, REMARK, CREATOR_ID, CREATED_TIME, MODIFIER_ID, MODIFIED_TIME, IS_DELETED) VALUES (4030501, '金融', '04030501', 40305, 0, 0, '行业', 1, '金融', 1, '2014-05-27 18:00:44.0', 1, '2014-05-28 14:05:26.0', 0);
INSERT INTO hxtd.sm_dictionary (ID, `KEY`, VALUE, PARENT_ID, LEVEL, `ORDER`, TYPE, IS_ACTIVE, REMARK, CREATOR_ID, CREATED_TIME, MODIFIER_ID, MODIFIED_TIME, IS_DELETED) VALUES (4030601, '国有', '04030601', 40306, 0, 0, '行业', 1, '国有', 1, '2014-05-27 18:06:39.0', 1, '2014-05-28 14:05:23.0', 0);
INSERT INTO hxtd.sm_dictionary (ID, `KEY`, VALUE, PARENT_ID, LEVEL, `ORDER`, TYPE, IS_ACTIVE, REMARK, CREATOR_ID, CREATED_TIME, MODIFIER_ID, MODIFIED_TIME, IS_DELETED) VALUES (4030602, '私营', '04030602', 40306, 0, 0, '行业', 1, '私营', 1, '2014-05-29 14:01:39.0', 1, '2014-05-29 14:01:47.0', 0);
INSERT INTO hxtd.sm_dictionary (ID, `KEY`, VALUE, PARENT_ID, LEVEL, `ORDER`, TYPE, IS_ACTIVE, REMARK, CREATOR_ID, CREATED_TIME, MODIFIER_ID, MODIFIED_TIME, IS_DELETED) VALUES (4030701, '农行', '04030701', 40307, 0, 0, '行业', 1, '农行', 1, '2014-05-27 18:30:35.0', 1, '2014-05-28 14:05:20.0', 0);
INSERT INTO hxtd.sm_dictionary (ID, `KEY`, VALUE, PARENT_ID, LEVEL, `ORDER`, TYPE, IS_ACTIVE, REMARK, CREATOR_ID, CREATED_TIME, MODIFIER_ID, MODIFIED_TIME, IS_DELETED) VALUES (5010101, '普通供应商', '01050101', 50101, 0, 0, '供应商类型', 1, '供应商类型', 1, '2014-05-26 00:00:00.0', 1, '2014-05-26 19:29:03.0', 0);
INSERT INTO hxtd.sm_dictionary (ID, `KEY`, VALUE, PARENT_ID, LEVEL, `ORDER`, TYPE, IS_ACTIVE, REMARK, CREATOR_ID, CREATED_TIME, MODIFIER_ID, MODIFIED_TIME, IS_DELETED) VALUES (5010102, '非普通供应商', '05010102', 50101, 0, 0, '供应商类型', 1, '供应商类型', 1, '2014-05-26 00:00:00.0', 1, '2014-05-27 14:20:17.0', 0);
INSERT INTO hxtd.sm_dictionary (ID, `KEY`, VALUE, PARENT_ID, LEVEL, `ORDER`, TYPE, IS_ACTIVE, REMARK, CREATOR_ID, CREATED_TIME, MODIFIER_ID, MODIFIED_TIME, IS_DELETED) VALUES (10040101, '新增', '10040101', 100401, 0, 0, '操作类型', 1, '新增', 1, '2014-06-23 18:38:02.0', 1, '2014-06-23 18:38:16.0', 0);
INSERT INTO hxtd.sm_dictionary (ID, `KEY`, VALUE, PARENT_ID, LEVEL, `ORDER`, TYPE, IS_ACTIVE, REMARK, CREATOR_ID, CREATED_TIME, MODIFIER_ID, MODIFIED_TIME, IS_DELETED) VALUES (10040102, '修改', '10040102', 100401, 0, 0, '操作类型', 1, '修改', 1, '2014-06-23 18:39:20.0', 1, '2014-06-23 18:39:31.0', 0);
INSERT INTO hxtd.sm_dictionary (ID, `KEY`, VALUE, PARENT_ID, LEVEL, `ORDER`, TYPE, IS_ACTIVE, REMARK, CREATOR_ID, CREATED_TIME, MODIFIER_ID, MODIFIED_TIME, IS_DELETED) VALUES (10040103, '删除', '10040103', 100401, 0, 0, '操作类型', 1, '删除', 1, '2014-06-23 18:39:59.0', 1, '2014-06-23 18:40:08.0', 0);
INSERT INTO hxtd.sm_dictionary (ID, `KEY`, VALUE, PARENT_ID, LEVEL, `ORDER`, TYPE, IS_ACTIVE, REMARK, CREATOR_ID, CREATED_TIME, MODIFIER_ID, MODIFIED_TIME, IS_DELETED) VALUES (11010101, '供应商', '11010101', 110101, 0, 0, '模块类型', 1, '供应商模块', 1, '2014-05-27 10:30:55.0', 1, '2014-05-27 10:30:52.0', 0);
INSERT INTO hxtd.sm_dictionary (ID, `KEY`, VALUE, PARENT_ID, LEVEL, `ORDER`, TYPE, IS_ACTIVE, REMARK, CREATOR_ID, CREATED_TIME, MODIFIER_ID, MODIFIED_TIME, IS_DELETED) VALUES (11010102, '客户', '11010102', 110101, 0, 0, '模块类型', 1, '客户模块', 1, '2014-05-28 13:21:01.0', 1, '2014-05-28 13:20:54.0', 0);
INSERT INTO hxtd.sm_dictionary (ID, `KEY`, VALUE, PARENT_ID, LEVEL, `ORDER`, TYPE, IS_ACTIVE, REMARK, CREATOR_ID, CREATED_TIME, MODIFIER_ID, MODIFIED_TIME, IS_DELETED) VALUES (11010103, '线索', '11010103', 110101, 0, 0, '模块类型', 1, '线索模块', 1, '2014-05-28 13:21:37.0', 1, '2014-05-28 13:21:30.0', 0);
INSERT INTO hxtd.sm_dictionary (ID, `KEY`, VALUE, PARENT_ID, LEVEL, `ORDER`, TYPE, IS_ACTIVE, REMARK, CREATOR_ID, CREATED_TIME, MODIFIER_ID, MODIFIED_TIME, IS_DELETED) VALUES (11010104, '联系人', '11010104', 110101, 0, 0, '模块类型', 1, '联系人模块', 1, '2014-05-28 13:22:06.0', 1, '2014-05-28 13:21:59.0', 0);
INSERT INTO hxtd.sm_dictionary (ID, `KEY`, VALUE, PARENT_ID, LEVEL, `ORDER`, TYPE, IS_ACTIVE, REMARK, CREATOR_ID, CREATED_TIME, MODIFIER_ID, MODIFIED_TIME, IS_DELETED) VALUES (11010201, '身份证', '11010201', 110102, 0, 0, '附件类型', 1, '身份证', 1, '2014-05-27 10:31:38.0', 1, '2014-05-27 10:32:31.0', 0);
INSERT INTO hxtd.sm_dictionary (ID, `KEY`, VALUE, PARENT_ID, LEVEL, `ORDER`, TYPE, IS_ACTIVE, REMARK, CREATOR_ID, CREATED_TIME, MODIFIER_ID, MODIFIED_TIME, IS_DELETED) VALUES (11010202, '营业执照', '11010202', 110102, 0, 0, '附件类型', 1, '营业执照', 1, '2014-05-27 10:32:26.0', 1, '2014-05-27 10:32:24.0', 0);
INSERT INTO hxtd.sm_dictionary (ID, `KEY`, VALUE, PARENT_ID, LEVEL, `ORDER`, TYPE, IS_ACTIVE, REMARK, CREATOR_ID, CREATED_TIME, MODIFIER_ID, MODIFIED_TIME, IS_DELETED) VALUES (11010206, '用户类型', '04', NULL, NULL, NULL, NULL, 1, '', 1, '2014-06-06 13:36:46.0', 1, '2014-06-06 13:37:12.0', 0);
INSERT INTO hxtd.sm_dictionary (ID, `KEY`, VALUE, PARENT_ID, LEVEL, `ORDER`, TYPE, IS_ACTIVE, REMARK, CREATOR_ID, CREATED_TIME, MODIFIER_ID, MODIFIED_TIME, IS_DELETED) VALUES (11010207, '在岗状态', '05', NULL, NULL, NULL, NULL, 1, '', 1, '2014-06-06 13:37:12.0', 1, '2014-06-06 13:37:39.0', 0);
INSERT INTO hxtd.sm_dictionary (ID, `KEY`, VALUE, PARENT_ID, LEVEL, `ORDER`, TYPE, IS_ACTIVE, REMARK, CREATOR_ID, CREATED_TIME, MODIFIER_ID, MODIFIED_TIME, IS_DELETED) VALUES (11010208, '产品类型', '06', NULL, NULL, NULL, NULL, 1, '', 1, '2014-06-09 16:24:46.0', 1, '2014-06-09 17:17:31.0', 0);
INSERT INTO hxtd.sm_dictionary (ID, `KEY`, VALUE, PARENT_ID, LEVEL, `ORDER`, TYPE, IS_ACTIVE, REMARK, CREATOR_ID, CREATED_TIME, MODIFIER_ID, MODIFIED_TIME, IS_DELETED) VALUES (11010209, '期限单位', '07', NULL, NULL, NULL, NULL, 1, '', 1, '2014-06-09 16:45:47.0', 1, '2014-06-09 17:17:41.0', 0);
INSERT INTO hxtd.sm_dictionary (ID, `KEY`, VALUE, PARENT_ID, LEVEL, `ORDER`, TYPE, IS_ACTIVE, REMARK, CREATOR_ID, CREATED_TIME, MODIFIER_ID, MODIFIED_TIME, IS_DELETED) VALUES (11010210, '年', 'year', NULL, NULL, NULL, '期限单位', 1, '', 1, '2014-06-09 16:51:09.0', 1, '2014-06-09 17:16:21.0', 0);
INSERT INTO hxtd.sm_dictionary (ID, `KEY`, VALUE, PARENT_ID, LEVEL, `ORDER`, TYPE, IS_ACTIVE, REMARK, CREATOR_ID, CREATED_TIME, MODIFIER_ID, MODIFIED_TIME, IS_DELETED) VALUES (11010211, '月', 'month', NULL, NULL, NULL, '期限单位', 1, '', 1, '2014-06-09 17:17:16.0', 1, '2014-06-09 17:16:49.0', 0);
INSERT INTO hxtd.sm_dictionary (ID, `KEY`, VALUE, PARENT_ID, LEVEL, `ORDER`, TYPE, IS_ACTIVE, REMARK, CREATOR_ID, CREATED_TIME, MODIFIER_ID, MODIFIED_TIME, IS_DELETED) VALUES (11010212, '日', 'day', NULL, NULL, NULL, '期限单位', 1, '', 1, '2014-06-09 17:17:32.0', 1, '2014-06-09 17:17:06.0', 0);
INSERT INTO hxtd.sm_dictionary (ID, `KEY`, VALUE, PARENT_ID, LEVEL, `ORDER`, TYPE, IS_ACTIVE, REMARK, CREATOR_ID, CREATED_TIME, MODIFIER_ID, MODIFIED_TIME, IS_DELETED) VALUES (11010213, '面向大客户', 'dkh', NULL, NULL, NULL, '产品类型', 1, '', 1, '2014-06-09 17:19:51.0', 1, '2014-06-09 17:19:25.0', 0);
INSERT INTO hxtd.sm_dictionary (ID, `KEY`, VALUE, PARENT_ID, LEVEL, `ORDER`, TYPE, IS_ACTIVE, REMARK, CREATOR_ID, CREATED_TIME, MODIFIER_ID, MODIFIED_TIME, IS_DELETED) VALUES (11010214, '性别', '0001', NULL, NULL, NULL, NULL, 1, '', 1, '2014-06-10 10:52:46.0', 1, '2014-06-10 10:59:15.0', 0);
INSERT INTO hxtd.sm_dictionary (ID, `KEY`, VALUE, PARENT_ID, LEVEL, `ORDER`, TYPE, IS_ACTIVE, REMARK, CREATOR_ID, CREATED_TIME, MODIFIER_ID, MODIFIED_TIME, IS_DELETED) VALUES (11010215, '男', '000101', 11010214, NULL, NULL, '性别', 1, '', 1, '2014-06-10 10:53:12.0', 1, '2014-06-10 10:59:48.0', 0);
INSERT INTO hxtd.sm_dictionary (ID, `KEY`, VALUE, PARENT_ID, LEVEL, `ORDER`, TYPE, IS_ACTIVE, REMARK, CREATOR_ID, CREATED_TIME, MODIFIER_ID, MODIFIED_TIME, IS_DELETED) VALUES (11010216, '女', '000102', 11010214, NULL, NULL, '性别', 1, '', 1, '2014-06-10 11:00:36.0', 1, '2014-06-10 11:00:10.0', 0);

DELETE FROM hxtd.SM_MENU;
INSERT INTO hxtd.sm_menu (ID, CODE, NAME, PARENT_MENU_ID, URL, IS_ACTIVE, `ORDER`, SEQ, LEVEL, REMARK, CREATOR_ID, CREATED_TIME, MODIFIER_ID, MODIFIED_TIME, SHOW_LOCATION_ID, TRIGGER_ID, IS_LEAF, IS_DELETED, DEFAULT_SHOW, IS_INITIALIZED)
VALUES (1, '0100', '系统管理', NULL, NULL, '1', 100000, 0, 1, '', 1, '2014-05-26 00:00:00.0', 1, '2014-05-26 19:29:04.0', 1020202, NULL, 0, 0, 0, 1);
INSERT INTO hxtd.sm_menu (ID, CODE, NAME, PARENT_MENU_ID, URL, IS_ACTIVE, `ORDER`, SEQ, LEVEL, REMARK, CREATOR_ID, CREATED_TIME, MODIFIER_ID, MODIFIED_TIME, SHOW_LOCATION_ID, TRIGGER_ID, IS_LEAF, IS_DELETED, DEFAULT_SHOW, IS_INITIALIZED)
VALUES (2, '0200', '工作台', NULL, '/workbanch/toViewPage.do', '1', 20000, 0, 1, '', 1, '2014-05-26 00:00:00.0', 1, '2014-06-24 16:42:47.0', 1020202, 20001, 1, 0, 1, 1);
INSERT INTO hxtd.sm_menu (ID, CODE, NAME, PARENT_MENU_ID, URL, IS_ACTIVE, `ORDER`, SEQ, LEVEL, REMARK, CREATOR_ID, CREATED_TIME, MODIFIER_ID, MODIFIED_TIME, SHOW_LOCATION_ID, TRIGGER_ID, IS_LEAF, IS_DELETED, DEFAULT_SHOW, IS_INITIALIZED)
VALUES (3, '0300', '市场营销', NULL, NULL, '1', 30000, 0, 1, '', 1, '2014-05-26 00:00:00.0', 1, '2014-05-26 19:29:04.0', 1020202, NULL, 0, 0, 0, 1);
INSERT INTO hxtd.sm_menu (ID, CODE, NAME, PARENT_MENU_ID, URL, IS_ACTIVE, `ORDER`, SEQ, LEVEL, REMARK, CREATOR_ID, CREATED_TIME, MODIFIER_ID, MODIFIED_TIME, SHOW_LOCATION_ID, TRIGGER_ID, IS_LEAF, IS_DELETED, DEFAULT_SHOW, IS_INITIALIZED)
VALUES (4, '0400', '客户管理', NULL, NULL, '1', 40000, 0, 1, '', 1, '2014-05-26 00:00:00.0', 1, '2014-05-26 19:29:04.0', 1020202, NULL, 0, 0, 0, 1);
INSERT INTO hxtd.sm_menu (ID, CODE, NAME, PARENT_MENU_ID, URL, IS_ACTIVE, `ORDER`, SEQ, LEVEL, REMARK, CREATOR_ID, CREATED_TIME, MODIFIER_ID, MODIFIED_TIME, SHOW_LOCATION_ID, TRIGGER_ID, IS_LEAF, IS_DELETED, DEFAULT_SHOW, IS_INITIALIZED)
VALUES (5, '0500', '项目管理', NULL, NULL, '1', 50000, 0, 1, '', 1, '2014-05-26 00:00:00.0', 1, '2014-05-26 19:29:04.0', 1020202, NULL, 0, 0, 0, 1);
INSERT INTO hxtd.sm_menu (ID, CODE, NAME, PARENT_MENU_ID, URL, IS_ACTIVE, `ORDER`, SEQ, LEVEL, REMARK, CREATOR_ID, CREATED_TIME, MODIFIER_ID, MODIFIED_TIME, SHOW_LOCATION_ID, TRIGGER_ID, IS_LEAF, IS_DELETED, DEFAULT_SHOW, IS_INITIALIZED)
VALUES (6, '0600', '订单管理', NULL, NULL, '1', 60000, 0, 1, '', 1, '2014-05-26 00:00:00.0', 1, '2014-05-26 19:29:05.0', 1020202, NULL, 0, 0, 0, 1);
INSERT INTO hxtd.sm_menu (ID, CODE, NAME, PARENT_MENU_ID, URL, IS_ACTIVE, `ORDER`, SEQ, LEVEL, REMARK, CREATOR_ID, CREATED_TIME, MODIFIER_ID, MODIFIED_TIME, SHOW_LOCATION_ID, TRIGGER_ID, IS_LEAF, IS_DELETED, DEFAULT_SHOW, IS_INITIALIZED)
VALUES (7, '0700', '财务管理', NULL, NULL, '1', 70000, 0, 1, '', 1, '2014-05-26 00:00:00.0', 1, '2014-05-26 19:29:05.0', 1020202, NULL, 0, 0, 0, 1);
INSERT INTO hxtd.sm_menu (ID, CODE, NAME, PARENT_MENU_ID, URL, IS_ACTIVE, `ORDER`, SEQ, LEVEL, REMARK, CREATOR_ID, CREATED_TIME, MODIFIER_ID, MODIFIED_TIME, SHOW_LOCATION_ID, TRIGGER_ID, IS_LEAF, IS_DELETED, DEFAULT_SHOW, IS_INITIALIZED)
VALUES (8, '0800', '销售管理', NULL, NULL, '1', 80000, 0, 1, '', 1, '2014-05-26 00:00:00.0', 1, '2014-05-26 19:29:05.0', 1020202, NULL, 0, 0, 0, 1);
INSERT INTO hxtd.sm_menu (ID, CODE, NAME, PARENT_MENU_ID, URL, IS_ACTIVE, `ORDER`, SEQ, LEVEL, REMARK, CREATOR_ID, CREATED_TIME, MODIFIER_ID, MODIFIED_TIME, SHOW_LOCATION_ID, TRIGGER_ID, IS_LEAF, IS_DELETED, DEFAULT_SHOW, IS_INITIALIZED)
VALUES (9, '0900', '报表管理', NULL, '/report/toViewPage.do', '1', 90000, 0, 1, '', 1, '2014-05-26 00:00:00.0', 1, '2014-05-26 19:29:05.0', 1020202, 90001, 1, 0, 0, 1);
INSERT INTO hxtd.sm_menu (ID, CODE, NAME, PARENT_MENU_ID, URL, IS_ACTIVE, `ORDER`, SEQ, LEVEL, REMARK, CREATOR_ID, CREATED_TIME, MODIFIER_ID, MODIFIED_TIME, SHOW_LOCATION_ID, TRIGGER_ID, IS_LEAF, IS_DELETED, DEFAULT_SHOW, IS_INITIALIZED)
VALUES (10, '1000', '设置', NULL, '/system/toViewPage.do', '1', 110000, 0, 1, '', 1, '2014-05-26 00:00:00.0', 1, '2014-05-26 19:29:04.0', 1020201, 1001, 1, 0, 0, 1);
INSERT INTO hxtd.sm_menu (ID, CODE, NAME, PARENT_MENU_ID, URL, IS_ACTIVE, `ORDER`, SEQ, LEVEL, REMARK, CREATOR_ID, CREATED_TIME, MODIFIER_ID, MODIFIED_TIME, SHOW_LOCATION_ID, TRIGGER_ID, IS_LEAF, IS_DELETED, DEFAULT_SHOW, IS_INITIALIZED)
VALUES (101, '0101', '字典管理', 1, '/system/dictionary/toQueryPage.do', '1', 100100, 0, 2, '', 1, '2014-05-26 00:00:00.0', 1, '2014-05-26 19:29:04.0', 1020202, 10101, 1, 0, 0, 1);
INSERT INTO hxtd.sm_menu (ID, CODE, NAME, PARENT_MENU_ID, URL, IS_ACTIVE, `ORDER`, SEQ, LEVEL, REMARK, CREATOR_ID, CREATED_TIME, MODIFIER_ID, MODIFIED_TIME, SHOW_LOCATION_ID, TRIGGER_ID, IS_LEAF, IS_DELETED, DEFAULT_SHOW, IS_INITIALIZED)
VALUES (102, '0102', '组织管理', 1, '/system/organization/toQueryPage.do', '1', 100300, 0, 2, '', 1, '2014-05-26 00:00:00.0', 1, '2014-05-26 19:29:04.0', 1020202, 10201, 1, 0, 0, 1);
INSERT INTO hxtd.sm_menu (ID, CODE, NAME, PARENT_MENU_ID, URL, IS_ACTIVE, `ORDER`, SEQ, LEVEL, REMARK, CREATOR_ID, CREATED_TIME, MODIFIER_ID, MODIFIED_TIME, SHOW_LOCATION_ID, TRIGGER_ID, IS_LEAF, IS_DELETED, DEFAULT_SHOW, IS_INITIALIZED)
VALUES (103, '0103', '菜单管理', 1, '/system/menu/toQueryPage.do', '1', 100200, 0, 2, '', 1, '2014-05-26 00:00:00.0', 1, '2014-05-26 19:29:04.0', 1020202, 10301, 1, 0, 0, 1);
INSERT INTO hxtd.sm_menu (ID, CODE, NAME, PARENT_MENU_ID, URL, IS_ACTIVE, `ORDER`, SEQ, LEVEL, REMARK, CREATOR_ID, CREATED_TIME, MODIFIER_ID, MODIFIED_TIME, SHOW_LOCATION_ID, TRIGGER_ID, IS_LEAF, IS_DELETED, DEFAULT_SHOW, IS_INITIALIZED)
VALUES (104, '0104', '用户管理', 1, '/system/user/toQueryPage.do', '1', 100400, 0, 2, '', 1, '2014-05-26 00:00:00.0', 1, '2014-05-26 19:29:04.0', 1020202, 10401, 1, 0, 0, 1);
INSERT INTO hxtd.sm_menu (ID, CODE, NAME, PARENT_MENU_ID, URL, IS_ACTIVE, `ORDER`, SEQ, LEVEL, REMARK, CREATOR_ID, CREATED_TIME, MODIFIER_ID, MODIFIED_TIME, SHOW_LOCATION_ID, TRIGGER_ID, IS_LEAF, IS_DELETED, DEFAULT_SHOW, IS_INITIALIZED)
VALUES (105, '0105', '角色管理', 1, '/system/role/toQueryPage.do', '1', 100500, 0, 2, '', 1, '2014-05-26 00:00:00.0', 1, '2014-05-26 19:29:04.0', 1020202, 10501, 1, 0, 0, 1);
INSERT INTO hxtd.sm_menu (ID, CODE, NAME, PARENT_MENU_ID, URL, IS_ACTIVE, `ORDER`, SEQ, LEVEL, REMARK, CREATOR_ID, CREATED_TIME, MODIFIER_ID, MODIFIED_TIME, SHOW_LOCATION_ID, TRIGGER_ID, IS_LEAF, IS_DELETED, DEFAULT_SHOW, IS_INITIALIZED)
VALUES (106, '0106', '功能管理', 1, '/system/function/toQueryPage.do', '1', 100700, 0, 2, '', 1, '2014-05-26 00:00:00.0', 1, '2014-05-26 19:29:04.0', 1020202, 10601, 1, 0, 0, 1);
INSERT INTO hxtd.sm_menu (ID, CODE, NAME, PARENT_MENU_ID, URL, IS_ACTIVE, `ORDER`, SEQ, LEVEL, REMARK, CREATOR_ID, CREATED_TIME, MODIFIER_ID, MODIFIED_TIME, SHOW_LOCATION_ID, TRIGGER_ID, IS_LEAF, IS_DELETED, DEFAULT_SHOW, IS_INITIALIZED)
VALUES (107, '0107', '组件管理', 1, '/system/component/toQueryPage.do', '1', 100600, 0, 2, '', 1, '2014-05-26 00:00:00.0', 1, '2014-05-26 19:29:04.0', 1020202, 10701, 1, 0, 0, 1);
INSERT INTO hxtd.sm_menu (ID, CODE, NAME, PARENT_MENU_ID, URL, IS_ACTIVE, `ORDER`, SEQ, LEVEL, REMARK, CREATOR_ID, CREATED_TIME, MODIFIER_ID, MODIFIED_TIME, SHOW_LOCATION_ID, TRIGGER_ID, IS_LEAF, IS_DELETED, DEFAULT_SHOW, IS_INITIALIZED)
VALUES (108, '0108', '系统公告', 1, '/system/notice/toQueryPage.do', '1', 100900, 0, 2, '', 1, '2014-05-26 00:00:00.0', 1, '2014-05-26 19:29:04.0', 1020202, 10801, 1, 0, 0, 1);
INSERT INTO hxtd.sm_menu (ID, CODE, NAME, PARENT_MENU_ID, URL, IS_ACTIVE, `ORDER`, SEQ, LEVEL, REMARK, CREATOR_ID, CREATED_TIME, MODIFIER_ID, MODIFIED_TIME, SHOW_LOCATION_ID, TRIGGER_ID, IS_LEAF, IS_DELETED, DEFAULT_SHOW, IS_INITIALIZED)
VALUES (109, '0109', '系统消息', 1, '/system/message/toQueryPage.do', '1', 100800, 0, 2, '', 1, '2014-05-26 00:00:00.0', 1, '2014-05-26 19:29:04.0', 1020202, 10901, 1, 0, 0, 1);
INSERT INTO hxtd.sm_menu (ID, CODE, NAME, PARENT_MENU_ID, URL, IS_ACTIVE, `ORDER`, SEQ, LEVEL, REMARK, CREATOR_ID, CREATED_TIME, MODIFIER_ID, MODIFIED_TIME, SHOW_LOCATION_ID, TRIGGER_ID, IS_LEAF, IS_DELETED, DEFAULT_SHOW, IS_INITIALIZED)
VALUES (301, '0301', '市场活动', 3, '/market/marketactivity/toQueryPage.do', '1', 30100, 0, 2, '', 1, '2014-05-26 00:00:00.0', 1, '2014-05-26 19:29:04.0', 1020202, 30101, 1, 0, 0, 1);
INSERT INTO hxtd.sm_menu (ID, CODE, NAME, PARENT_MENU_ID, URL, IS_ACTIVE, `ORDER`, SEQ, LEVEL, REMARK, CREATOR_ID, CREATED_TIME, MODIFIER_ID, MODIFIED_TIME, SHOW_LOCATION_ID, TRIGGER_ID, IS_LEAF, IS_DELETED, DEFAULT_SHOW, IS_INITIALIZED)
VALUES (401, '0401', '线索', 4, '/customer/lead/toQueryPage.do', '1', 40100, 0, 2, '', 1, '2014-05-26 00:00:00.0', 1, '2014-05-26 19:29:04.0', 1020202, 40101, 1, 0, 0, 1);
INSERT INTO hxtd.sm_menu (ID, CODE, NAME, PARENT_MENU_ID, URL, IS_ACTIVE, `ORDER`, SEQ, LEVEL, REMARK, CREATOR_ID, CREATED_TIME, MODIFIER_ID, MODIFIED_TIME, SHOW_LOCATION_ID, TRIGGER_ID, IS_LEAF, IS_DELETED, DEFAULT_SHOW, IS_INITIALIZED)
VALUES (402, '0402', '联系人', 4, '/customer/contact/toQueryPage.do', '1', 40200, 0, 2, '', 1, '2014-05-26 00:00:00.0', 1, '2014-05-26 19:29:04.0', 1020202, 40201, 1, 0, 0, 1);
INSERT INTO hxtd.sm_menu (ID, CODE, NAME, PARENT_MENU_ID, URL, IS_ACTIVE, `ORDER`, SEQ, LEVEL, REMARK, CREATOR_ID, CREATED_TIME, MODIFIER_ID, MODIFIED_TIME, SHOW_LOCATION_ID, TRIGGER_ID, IS_LEAF, IS_DELETED, DEFAULT_SHOW, IS_INITIALIZED)
VALUES (403, '0403', '客户', 4, '/customer/customer/toQueryPage.do', '1', 40300, 0, 2, '', 1, '2014-05-26 00:00:00.0', 1, '2014-05-26 19:29:04.0', 1020202, 40301, 1, 0, 0, 1);
INSERT INTO hxtd.sm_menu (ID, CODE, NAME, PARENT_MENU_ID, URL, IS_ACTIVE, `ORDER`, SEQ, LEVEL, REMARK, CREATOR_ID, CREATED_TIME, MODIFIER_ID, MODIFIED_TIME, SHOW_LOCATION_ID, TRIGGER_ID, IS_LEAF, IS_DELETED, DEFAULT_SHOW, IS_INITIALIZED)
VALUES (501, '0501', '供应商', 5, '/project/supplier/toQueryPage.do', '1', 50100, 0, 2, '', 1, '2014-05-26 00:00:00.0', 1, '2014-05-26 19:29:04.0', 1020202, 50101, 1, 0, 0, 1);
INSERT INTO hxtd.sm_menu (ID, CODE, NAME, PARENT_MENU_ID, URL, IS_ACTIVE, `ORDER`, SEQ, LEVEL, REMARK, CREATOR_ID, CREATED_TIME, MODIFIER_ID, MODIFIED_TIME, SHOW_LOCATION_ID, TRIGGER_ID, IS_LEAF, IS_DELETED, DEFAULT_SHOW, IS_INITIALIZED)
VALUES (502, '0502', '项目', 5, '/project/project/toQueryPage.do', '1', 50200, 0, 2, '', 1, '2014-05-26 00:00:00.0', 1, '2014-05-26 19:29:05.0', 1020202, 50201, 1, 0, 0, 1);
INSERT INTO hxtd.sm_menu (ID, CODE, NAME, PARENT_MENU_ID, URL, IS_ACTIVE, `ORDER`, SEQ, LEVEL, REMARK, CREATOR_ID, CREATED_TIME, MODIFIER_ID, MODIFIED_TIME, SHOW_LOCATION_ID, TRIGGER_ID, IS_LEAF, IS_DELETED, DEFAULT_SHOW, IS_INITIALIZED)
VALUES (503, '0503', '产品', 5, NULL, '1', 50300, 0, 2, '', 1, '2014-05-26 00:00:00.0', 1, '2014-05-26 19:29:05.0', 1020202, 50301, 1, 0, 0, 1);
INSERT INTO hxtd.sm_menu (ID, CODE, NAME, PARENT_MENU_ID, URL, IS_ACTIVE, `ORDER`, SEQ, LEVEL, REMARK, CREATOR_ID, CREATED_TIME, MODIFIER_ID, MODIFIED_TIME, SHOW_LOCATION_ID, TRIGGER_ID, IS_LEAF, IS_DELETED, DEFAULT_SHOW, IS_INITIALIZED)
VALUES (601, '0601', '订单', 6, NULL, '1', 60100, 0, 2, '', 1, '2014-05-26 00:00:00.0', 1, '2014-05-26 19:29:05.0', 1020202, 60101, 1, 0, 0, 1);
INSERT INTO hxtd.sm_menu (ID, CODE, NAME, PARENT_MENU_ID, URL, IS_ACTIVE, `ORDER`, SEQ, LEVEL, REMARK, CREATOR_ID, CREATED_TIME, MODIFIER_ID, MODIFIED_TIME, SHOW_LOCATION_ID, TRIGGER_ID, IS_LEAF, IS_DELETED, DEFAULT_SHOW, IS_INITIALIZED)
VALUES (602, '0602', '合同', 6, NULL, '1', 60200, 0, 2, '', 1, '2014-05-26 00:00:00.0', 1, '2014-05-26 19:29:05.0', 1020202, 60102, 1, 0, 0, 1);
INSERT INTO hxtd.sm_menu (ID, CODE, NAME, PARENT_MENU_ID, URL, IS_ACTIVE, `ORDER`, SEQ, LEVEL, REMARK, CREATOR_ID, CREATED_TIME, MODIFIER_ID, MODIFIED_TIME, SHOW_LOCATION_ID, TRIGGER_ID, IS_LEAF, IS_DELETED, DEFAULT_SHOW, IS_INITIALIZED)
VALUES (701, '0701', '财务审批', 7, NULL, '1', 70100, 0, 2, '', 1, '2014-05-26 00:00:00.0', 1, '2014-05-26 19:29:05.0', 1020202, 70101, 1, 0, 0, 1);
INSERT INTO hxtd.sm_menu (ID, CODE, NAME, PARENT_MENU_ID, URL, IS_ACTIVE, `ORDER`, SEQ, LEVEL, REMARK, CREATOR_ID, CREATED_TIME, MODIFIER_ID, MODIFIED_TIME, SHOW_LOCATION_ID, TRIGGER_ID, IS_LEAF, IS_DELETED, DEFAULT_SHOW, IS_INITIALIZED)
VALUES (702, '0702', '财务款项', 7, NULL, '1', 70200, 0, 2, '', 1, '2014-05-26 00:00:00.0', 1, '2014-05-26 19:29:05.0', 1020202, 70201, 1, 0, 0, 1);
INSERT INTO hxtd.sm_menu (ID, CODE, NAME, PARENT_MENU_ID, URL, IS_ACTIVE, `ORDER`, SEQ, LEVEL, REMARK, CREATOR_ID, CREATED_TIME, MODIFIER_ID, MODIFIED_TIME, SHOW_LOCATION_ID, TRIGGER_ID, IS_LEAF, IS_DELETED, DEFAULT_SHOW, IS_INITIALIZED)
VALUES (801, '0801', '销售目标', 8, NULL, '1', 80100, 0, 2, '', 1, '2014-05-26 00:00:00.0', 1, '2014-05-26 19:29:05.0', 1020202, 80101, 1, 0, 0, 1);
INSERT INTO hxtd.sm_menu (ID, CODE, NAME, PARENT_MENU_ID, URL, IS_ACTIVE, `ORDER`, SEQ, LEVEL, REMARK, CREATOR_ID, CREATED_TIME, MODIFIER_ID, MODIFIED_TIME, SHOW_LOCATION_ID, TRIGGER_ID, IS_LEAF, IS_DELETED, DEFAULT_SHOW, IS_INITIALIZED)
VALUES (1004, '1004', '审计日志', 1, '/system/auditlog/toQueryPage.do', '1', 110100, 0, 2, '', 1, '2014-06-22 16:41:41.0', 1, '2014-06-22 16:41:05.0', 1020202, 100401, 1, 0, 0, 1);
INSERT INTO hxtd.sm_menu (ID, CODE, NAME, PARENT_MENU_ID, URL, IS_ACTIVE, `ORDER`, SEQ, LEVEL, REMARK, CREATOR_ID, CREATED_TIME, MODIFIER_ID, MODIFIED_TIME, SHOW_LOCATION_ID, TRIGGER_ID, IS_LEAF, IS_DELETED, DEFAULT_SHOW, IS_INITIALIZED)
VALUES (1005, '1005', '回收站', 1, '/system/recyclebin/toQueryPage.do', '1', 110500, 0, 2, '', 1, '2014-06-26 11:35:41.0', 0, '2014-06-26 11:36:14.0', 1020202, 100501, 1, 0, 0, 1);

DELETE FROM hxtd.sm_function;
INSERT INTO hxtd.sm_function (ID, MENU_ID, CODE, NAME, URL, REMARK, CREATOR_ID, CREATED_TIME, MODIFIER_ID, MODIFIED_TIME, PRIVILEGE_LEVEL_ID, IS_DELETED, PARENT_ID, IS_INITIALIZED)
VALUES (1, NULL, '000001', '查询', '/query.do', '', 1, '2014-05-26 00:00:00.0', 1, '2014-06-03 15:43:28.0', 1060101, 0, NULL, 1);
INSERT INTO hxtd.sm_function (ID, MENU_ID, CODE, NAME, URL, REMARK, CREATOR_ID, CREATED_TIME, MODIFIER_ID, MODIFIED_TIME, PRIVILEGE_LEVEL_ID, IS_DELETED, PARENT_ID, IS_INITIALIZED)
VALUES (2, NULL, '000002', '新增', '/add.do', '', 1, '2014-05-26 00:00:00.0', 1, '2014-06-03 15:43:30.0', 1060101, 0, NULL, 1);
INSERT INTO hxtd.sm_function (ID, MENU_ID, CODE, NAME, URL, REMARK, CREATOR_ID, CREATED_TIME, MODIFIER_ID, MODIFIED_TIME, PRIVILEGE_LEVEL_ID, IS_DELETED, PARENT_ID, IS_INITIALIZED)
VALUES (3, NULL, '000003', '详情', '/view.do', '', 1, '2014-05-26 00:00:00.0', 1, '2014-06-18 11:04:29.0', 1060101, 0, NULL, 1);
INSERT INTO hxtd.sm_function (ID, MENU_ID, CODE, NAME, URL, REMARK, CREATOR_ID, CREATED_TIME, MODIFIER_ID, MODIFIED_TIME, PRIVILEGE_LEVEL_ID, IS_DELETED, PARENT_ID, IS_INITIALIZED)
VALUES (4, NULL, '000004', '编辑', '/modify.do', '', 1, '2014-05-26 00:00:00.0', 1, '2014-06-18 11:04:45.0', 1060103, 0, NULL, 1);
INSERT INTO hxtd.sm_function (ID, MENU_ID, CODE, NAME, URL, REMARK, CREATOR_ID, CREATED_TIME, MODIFIER_ID, MODIFIED_TIME, PRIVILEGE_LEVEL_ID, IS_DELETED, PARENT_ID, IS_INITIALIZED)
VALUES (5, NULL, '000005', '删除', '/delete.do', '', 1, '2014-05-26 00:00:00.0', 1, '2014-05-26 19:29:05.0', 1060103, 0, NULL, 1);
INSERT INTO hxtd.sm_function (ID, MENU_ID, CODE, NAME, URL, REMARK, CREATOR_ID, CREATED_TIME, MODIFIER_ID, MODIFIED_TIME, PRIVILEGE_LEVEL_ID, IS_DELETED, PARENT_ID, IS_INITIALIZED)
VALUES (6, NULL, '000006', '导出', '/export.do', '', 1, '2014-05-26 00:00:00.0', 1, '2014-05-26 19:29:05.0', 1060103, 0, NULL, 1);
INSERT INTO hxtd.sm_function (ID, MENU_ID, CODE, NAME, URL, REMARK, CREATOR_ID, CREATED_TIME, MODIFIER_ID, MODIFIED_TIME, PRIVILEGE_LEVEL_ID, IS_DELETED, PARENT_ID, IS_INITIALIZED)
VALUES (22, 402, '2', '联系纪要查询', '/common/memoir/query.do', '', 1, '2014-05-29 15:03:40.0', 1, '2014-05-30 10:36:13.0', 1060103, 0, NULL, 1);
INSERT INTO hxtd.sm_function (ID, MENU_ID, CODE, NAME, URL, REMARK, CREATOR_ID, CREATED_TIME, MODIFIER_ID, MODIFIED_TIME, PRIVILEGE_LEVEL_ID, IS_DELETED, PARENT_ID, IS_INITIALIZED)
VALUES (23, 402, '3', '联系纪要新增', '/common/memoir/add.do', '', 1, '2014-05-30 10:02:38.0', 1, '2014-05-30 10:38:49.0', 1060103, 0, NULL, 1);
INSERT INTO hxtd.sm_function (ID, MENU_ID, CODE, NAME, URL, REMARK, CREATOR_ID, CREATED_TIME, MODIFIER_ID, MODIFIED_TIME, PRIVILEGE_LEVEL_ID, IS_DELETED, PARENT_ID, IS_INITIALIZED)
VALUES (24, 402, '4', '联系纪要编辑', '/common/memoir/modify.do', '', 1, '2014-05-30 16:07:58.0', 1, '2014-05-30 16:09:16.0', 1060103, 0, NULL, 1);
INSERT INTO hxtd.sm_function (ID, MENU_ID, CODE, NAME, URL, REMARK, CREATOR_ID, CREATED_TIME, MODIFIER_ID, MODIFIED_TIME, PRIVILEGE_LEVEL_ID, IS_DELETED, PARENT_ID, IS_INITIALIZED)
VALUES (25, 402, '5', '联系纪要删除', '/common/memoir/delete.do', '', 1, '2014-05-30 16:08:47.0', 1, '2014-05-30 16:09:14.0', 1060103, 0, NULL, 1);
INSERT INTO hxtd.sm_function (ID, MENU_ID, CODE, NAME, URL, REMARK, CREATOR_ID, CREATED_TIME, MODIFIER_ID, MODIFIED_TIME, PRIVILEGE_LEVEL_ID, IS_DELETED, PARENT_ID, IS_INITIALIZED)
VALUES (26, 402, '6', '附件查询', '/contact/attachment/query.do', '', 1, '2014-06-12 15:46:21.0', 1, '2014-06-24 15:27:48.0', 1060103, 0, NULL, 1);
INSERT INTO hxtd.sm_function (ID, MENU_ID, CODE, NAME, URL, REMARK, CREATOR_ID, CREATED_TIME, MODIFIER_ID, MODIFIED_TIME, PRIVILEGE_LEVEL_ID, IS_DELETED, PARENT_ID, IS_INITIALIZED)
VALUES (27, 402, '7', '附件预览', '/contact/attachment/view.do', '', 1, '2014-06-12 15:46:21.0', 1, '2014-06-24 15:29:10.0', 1060103, 0, NULL, 1);
INSERT INTO hxtd.sm_function (ID, MENU_ID, CODE, NAME, URL, REMARK, CREATOR_ID, CREATED_TIME, MODIFIER_ID, MODIFIED_TIME, PRIVILEGE_LEVEL_ID, IS_DELETED, PARENT_ID, IS_INITIALIZED)
VALUES (28, 402, '8', '附件上传', '/contact/attachment/upload.do', '', 1, '2014-06-24 15:31:05.0', 1, '2014-06-24 15:31:23.0', 1060103, 0, NULL, 1);
INSERT INTO hxtd.sm_function (ID, MENU_ID, CODE, NAME, URL, REMARK, CREATOR_ID, CREATED_TIME, MODIFIER_ID, MODIFIED_TIME, PRIVILEGE_LEVEL_ID, IS_DELETED, PARENT_ID, IS_INITIALIZED)
VALUES (29, 402, '9', '附件下载', '/contact/attachment/download.do', '', 1, '2014-06-24 15:32:06.0', 1, '2014-06-24 15:32:22.0', 1060103, 0, NULL, 1);
INSERT INTO hxtd.sm_function (ID, MENU_ID, CODE, NAME, URL, REMARK, CREATOR_ID, CREATED_TIME, MODIFIER_ID, MODIFIED_TIME, PRIVILEGE_LEVEL_ID, IS_DELETED, PARENT_ID, IS_INITIALIZED)
VALUES (30, 402, '10', '附件列表', '/common/attach/query.do', '', 1, '2014-06-25 13:32:58.0', 1, '2014-06-25 13:33:04.0', 1060103, 0, NULL, 1);
INSERT INTO hxtd.sm_function (ID, MENU_ID, CODE, NAME, URL, REMARK, CREATOR_ID, CREATED_TIME, MODIFIER_ID, MODIFIED_TIME, PRIVILEGE_LEVEL_ID, IS_DELETED, PARENT_ID, IS_INITIALIZED)
VALUES (31, 402, '11', '附件预览 ', '/common/attach/view.do', '', 1, '2014-06-25 13:49:11.0', 1, '2014-06-25 13:49:16.0', 1060103, 0, NULL, 1);
INSERT INTO hxtd.sm_function (ID, MENU_ID, CODE, NAME, URL, REMARK, CREATOR_ID, CREATED_TIME, MODIFIER_ID, MODIFIED_TIME, PRIVILEGE_LEVEL_ID, IS_DELETED, PARENT_ID, IS_INITIALIZED)
VALUES (32, 402, '12', '联系纪要查看', '/common/memoir/view.do', '', 1, '2014-06-25 19:53:40.0', 1, '2014-06-25 19:54:22.0', 1060103, 0, NULL, 1);
INSERT INTO hxtd.sm_function (ID, MENU_ID, CODE, NAME, URL, REMARK, CREATOR_ID, CREATED_TIME, MODIFIER_ID, MODIFIED_TIME, PRIVILEGE_LEVEL_ID, IS_DELETED, PARENT_ID, IS_INITIALIZED)
VALUES (1001, 10, '010001', '详情', '/system/view.do', '', 1, '2014-05-26 00:00:00.0', 1, '2014-06-23 11:25:48.0', 1060101, 0, NULL, 1);
INSERT INTO hxtd.sm_function (ID, MENU_ID, CODE, NAME, URL, REMARK, CREATOR_ID, CREATED_TIME, MODIFIER_ID, MODIFIED_TIME, PRIVILEGE_LEVEL_ID, IS_DELETED, PARENT_ID, IS_INITIALIZED)
VALUES (10101, 101, '010101', '查询', '/system/dictionary/query.do', '', 1, '2014-05-26 00:00:00.0', 1, '2014-05-26 19:29:05.0', 1060103, 0, NULL, 1);
INSERT INTO hxtd.sm_function (ID, MENU_ID, CODE, NAME, URL, REMARK, CREATOR_ID, CREATED_TIME, MODIFIER_ID, MODIFIED_TIME, PRIVILEGE_LEVEL_ID, IS_DELETED, PARENT_ID, IS_INITIALIZED)
VALUES (10102, 101, '010102', '新增', '/system/dictionary/add.do', '', 1, '2014-05-26 00:00:00.0', 1, '2014-05-26 19:29:05.0', 1060103, 0, NULL, 1);
INSERT INTO hxtd.sm_function (ID, MENU_ID, CODE, NAME, URL, REMARK, CREATOR_ID, CREATED_TIME, MODIFIER_ID, MODIFIED_TIME, PRIVILEGE_LEVEL_ID, IS_DELETED, PARENT_ID, IS_INITIALIZED)
VALUES (10103, 101, '010103', '详情', '/system/dictionary/view.do', '', 1, '2014-05-26 00:00:00.0', 1, '2014-06-18 11:04:29.0', 1060103, 0, NULL, 1);
INSERT INTO hxtd.sm_function (ID, MENU_ID, CODE, NAME, URL, REMARK, CREATOR_ID, CREATED_TIME, MODIFIER_ID, MODIFIED_TIME, PRIVILEGE_LEVEL_ID, IS_DELETED, PARENT_ID, IS_INITIALIZED)
VALUES (10104, 101, '010104', '编辑', '/system/dictionary/modify.do', '', 1, '2014-05-26 00:00:00.0', 1, '2014-06-18 11:04:45.0', 1060103, 0, NULL, 1);
INSERT INTO hxtd.sm_function (ID, MENU_ID, CODE, NAME, URL, REMARK, CREATOR_ID, CREATED_TIME, MODIFIER_ID, MODIFIED_TIME, PRIVILEGE_LEVEL_ID, IS_DELETED, PARENT_ID, IS_INITIALIZED)
VALUES (10105, 101, '010105', '删除', '/system/dictionary/delete.do', '', 1, '2014-05-26 00:00:00.0', 1, '2014-05-26 19:29:05.0', 1060103, 0, NULL, 1);
INSERT INTO hxtd.sm_function (ID, MENU_ID, CODE, NAME, URL, REMARK, CREATOR_ID, CREATED_TIME, MODIFIER_ID, MODIFIED_TIME, PRIVILEGE_LEVEL_ID, IS_DELETED, PARENT_ID, IS_INITIALIZED)
VALUES (10201, 102, '010301', '查询', '/system/organization/query.do', '', 1, '2014-05-26 00:00:00.0', 1, '2014-05-30 17:36:39.0', 1060103, 0, NULL, 1);
INSERT INTO hxtd.sm_function (ID, MENU_ID, CODE, NAME, URL, REMARK, CREATOR_ID, CREATED_TIME, MODIFIER_ID, MODIFIED_TIME, PRIVILEGE_LEVEL_ID, IS_DELETED, PARENT_ID, IS_INITIALIZED)
VALUES (10202, 102, '010302', '新增', '/system/organization/add.do', '', 1, '2014-05-26 00:00:00.0', 1, '2014-05-30 17:36:42.0', 1060103, 0, NULL, 1);
INSERT INTO hxtd.sm_function (ID, MENU_ID, CODE, NAME, URL, REMARK, CREATOR_ID, CREATED_TIME, MODIFIER_ID, MODIFIED_TIME, PRIVILEGE_LEVEL_ID, IS_DELETED, PARENT_ID, IS_INITIALIZED)
VALUES (10203, 102, '010303', '详情', '/system/organization/view.do', '', 1, '2014-05-26 00:00:00.0', 1, '2014-06-18 11:04:29.0', 1060103, 0, NULL, 1);
INSERT INTO hxtd.sm_function (ID, MENU_ID, CODE, NAME, URL, REMARK, CREATOR_ID, CREATED_TIME, MODIFIER_ID, MODIFIED_TIME, PRIVILEGE_LEVEL_ID, IS_DELETED, PARENT_ID, IS_INITIALIZED)
VALUES (10204, 102, '010304', '编辑', '/system/organization/modify.do', '', 1, '2014-05-26 00:00:00.0', 1, '2014-06-18 11:04:45.0', 1060103, 0, NULL, 1);
INSERT INTO hxtd.sm_function (ID, MENU_ID, CODE, NAME, URL, REMARK, CREATOR_ID, CREATED_TIME, MODIFIER_ID, MODIFIED_TIME, PRIVILEGE_LEVEL_ID, IS_DELETED, PARENT_ID, IS_INITIALIZED)
VALUES (10205, 102, '010305', '删除', '/system/organization/delete.do', '', 1, '2014-05-26 00:00:00.0', 1, '2014-05-30 17:36:56.0', 1060103, 0, NULL, 1);
INSERT INTO hxtd.sm_function (ID, MENU_ID, CODE, NAME, URL, REMARK, CREATOR_ID, CREATED_TIME, MODIFIER_ID, MODIFIED_TIME, PRIVILEGE_LEVEL_ID, IS_DELETED, PARENT_ID, IS_INITIALIZED)
VALUES (10206, 102, '010306', '授权', '/system/organization/authorization.do', '', 1, '2014-05-26 00:00:00.0', 1, '2014-05-30 17:37:00.0', 1060103, 0, NULL, 1);
INSERT INTO hxtd.sm_function (ID, MENU_ID, CODE, NAME, URL, REMARK, CREATOR_ID, CREATED_TIME, MODIFIER_ID, MODIFIED_TIME, PRIVILEGE_LEVEL_ID, IS_DELETED, PARENT_ID, IS_INITIALIZED)
VALUES (10207, 102, '010307', '移动', '/system/organization/move.doself', '', 1, '2014-05-26 00:00:00.0', 1, '2014-05-30 17:37:03.0', 1060103, 0, NULL, 1);
INSERT INTO hxtd.sm_function (ID, MENU_ID, CODE, NAME, URL, REMARK, CREATOR_ID, CREATED_TIME, MODIFIER_ID, MODIFIED_TIME, PRIVILEGE_LEVEL_ID, IS_DELETED, PARENT_ID, IS_INITIALIZED)
VALUES (10301, 103, '010201', '查询', '/system/menu/query.do', '', 1, '2014-05-26 00:00:00.0', 1, '2014-05-30 17:37:09.0', 1060103, 0, NULL, 1);
INSERT INTO hxtd.sm_function (ID, MENU_ID, CODE, NAME, URL, REMARK, CREATOR_ID, CREATED_TIME, MODIFIER_ID, MODIFIED_TIME, PRIVILEGE_LEVEL_ID, IS_DELETED, PARENT_ID, IS_INITIALIZED)
VALUES (10302, 103, '010202', '新增', '/system/menu/add.do', '', 1, '2014-05-26 00:00:00.0', 1, '2014-05-30 17:37:13.0', 1060103, 0, NULL, 1);
INSERT INTO hxtd.sm_function (ID, MENU_ID, CODE, NAME, URL, REMARK, CREATOR_ID, CREATED_TIME, MODIFIER_ID, MODIFIED_TIME, PRIVILEGE_LEVEL_ID, IS_DELETED, PARENT_ID, IS_INITIALIZED)
VALUES (10303, 103, '010203', '详情', '/system/menu/view.do', '', 1, '2014-05-26 00:00:00.0', 1, '2014-06-18 11:04:29.0', 1060103, 0, NULL, 1);
INSERT INTO hxtd.sm_function (ID, MENU_ID, CODE, NAME, URL, REMARK, CREATOR_ID, CREATED_TIME, MODIFIER_ID, MODIFIED_TIME, PRIVILEGE_LEVEL_ID, IS_DELETED, PARENT_ID, IS_INITIALIZED)
VALUES (10304, 103, '010204', '编辑', '/system/menu/modify.do', '', 1, '2014-05-26 00:00:00.0', 1, '2014-06-18 11:04:45.0', 1060103, 0, NULL, 1);
INSERT INTO hxtd.sm_function (ID, MENU_ID, CODE, NAME, URL, REMARK, CREATOR_ID, CREATED_TIME, MODIFIER_ID, MODIFIED_TIME, PRIVILEGE_LEVEL_ID, IS_DELETED, PARENT_ID, IS_INITIALIZED)
VALUES (10305, 103, '010205', '删除', '/system/menu/delete.do', '', 1, '2014-05-26 00:00:00.0', 1, '2014-05-30 17:37:22.0', 1060103, 0, NULL, 1);
INSERT INTO hxtd.sm_function (ID, MENU_ID, CODE, NAME, URL, REMARK, CREATOR_ID, CREATED_TIME, MODIFIER_ID, MODIFIED_TIME, PRIVILEGE_LEVEL_ID, IS_DELETED, PARENT_ID, IS_INITIALIZED)
VALUES (10306, 103, '010206', '移动', '/system/menu/move.doself', '', 1, '2014-05-26 00:00:00.0', 1, '2014-06-20 21:26:45.0', 1060103, 0, NULL, 1);
INSERT INTO hxtd.sm_function (ID, MENU_ID, CODE, NAME, URL, REMARK, CREATOR_ID, CREATED_TIME, MODIFIER_ID, MODIFIED_TIME, PRIVILEGE_LEVEL_ID, IS_DELETED, PARENT_ID, IS_INITIALIZED)
VALUES (10401, 104, '010401', '查询', '/system/user/query.do', '', 1, '2014-05-26 00:00:00.0', 1, '2014-05-26 19:29:06.0', 1060103, 0, NULL, 1);
INSERT INTO hxtd.sm_function (ID, MENU_ID, CODE, NAME, URL, REMARK, CREATOR_ID, CREATED_TIME, MODIFIER_ID, MODIFIED_TIME, PRIVILEGE_LEVEL_ID, IS_DELETED, PARENT_ID, IS_INITIALIZED)
VALUES (10402, 104, '010402', '新增', '/system/user/add.do', '', 1, '2014-05-26 00:00:00.0', 1, '2014-05-26 19:29:06.0', 1060103, 0, NULL, 1);
INSERT INTO hxtd.sm_function (ID, MENU_ID, CODE, NAME, URL, REMARK, CREATOR_ID, CREATED_TIME, MODIFIER_ID, MODIFIED_TIME, PRIVILEGE_LEVEL_ID, IS_DELETED, PARENT_ID, IS_INITIALIZED)
VALUES (10403, 104, '010403', '详情', '/system/user/view.do', '', 1, '2014-05-26 00:00:00.0', 1, '2014-06-18 11:04:29.0', 1060103, 0, NULL, 1);
INSERT INTO hxtd.sm_function (ID, MENU_ID, CODE, NAME, URL, REMARK, CREATOR_ID, CREATED_TIME, MODIFIER_ID, MODIFIED_TIME, PRIVILEGE_LEVEL_ID, IS_DELETED, PARENT_ID, IS_INITIALIZED)
VALUES (10404, 104, '010404', '编辑', '/system/user/modify.do', '', 1, '2014-05-26 00:00:00.0', 1, '2014-06-18 11:04:45.0', 1060103, 0, NULL, 1);
INSERT INTO hxtd.sm_function (ID, MENU_ID, CODE, NAME, URL, REMARK, CREATOR_ID, CREATED_TIME, MODIFIER_ID, MODIFIED_TIME, PRIVILEGE_LEVEL_ID, IS_DELETED, PARENT_ID, IS_INITIALIZED)
VALUES (10405, 104, '010405', '删除', '/system/user/delete.do', '', 1, '2014-05-26 00:00:00.0', 1, '2014-05-26 19:29:06.0', 1060103, 0, NULL, 1);
INSERT INTO hxtd.sm_function (ID, MENU_ID, CODE, NAME, URL, REMARK, CREATOR_ID, CREATED_TIME, MODIFIER_ID, MODIFIED_TIME, PRIVILEGE_LEVEL_ID, IS_DELETED, PARENT_ID, IS_INITIALIZED)
VALUES (10406, 104, '010406', '授权', '/system/user/authorization.do', '', 1, '2014-05-26 00:00:00.0', 1, '2014-05-26 19:29:06.0', 1060103, 0, NULL, 1);
INSERT INTO hxtd.sm_function (ID, MENU_ID, CODE, NAME, URL, REMARK, CREATOR_ID, CREATED_TIME, MODIFIER_ID, MODIFIED_TIME, PRIVILEGE_LEVEL_ID, IS_DELETED, PARENT_ID, IS_INITIALIZED)
VALUES (10407, 104, '010407', '重置密码', '/system/user/resetPassword.do', '', 1, '2014-05-31 00:00:00.0', 1, '2014-05-31 06:39:39.0', 1060103, 0, NULL, 1);
INSERT INTO hxtd.sm_function (ID, MENU_ID, CODE, NAME, URL, REMARK, CREATOR_ID, CREATED_TIME, MODIFIER_ID, MODIFIED_TIME, PRIVILEGE_LEVEL_ID, IS_DELETED, PARENT_ID, IS_INITIALIZED)
VALUES (10408, 104, '010408', '启用', '/system/user/enable.do', '', 1, '2014-05-31 00:00:00.0', 1, '2014-05-31 06:39:39.0', 1060103, 0, NULL, 1);
INSERT INTO hxtd.sm_function (ID, MENU_ID, CODE, NAME, URL, REMARK, CREATOR_ID, CREATED_TIME, MODIFIER_ID, MODIFIED_TIME, PRIVILEGE_LEVEL_ID, IS_DELETED, PARENT_ID, IS_INITIALIZED)
VALUES (10409, 104, '010409', '禁用', '/system/user/disable.do', '', 1, '2014-05-31 00:00:00.0', 1, '2014-05-31 06:39:39.0', 1060103, 0, NULL, 1);
INSERT INTO hxtd.sm_function (ID, MENU_ID, CODE, NAME, URL, REMARK, CREATOR_ID, CREATED_TIME, MODIFIER_ID, MODIFIED_TIME, PRIVILEGE_LEVEL_ID, IS_DELETED, PARENT_ID, IS_INITIALIZED)
VALUES (10410, 104, '010410', '登录', '/login.doself', '', 1, '2014-05-31 00:00:00.0', 1, '2014-06-05 14:29:10.0', 1060101, 0, NULL, 1);
INSERT INTO hxtd.sm_function (ID, MENU_ID, CODE, NAME, URL, REMARK, CREATOR_ID, CREATED_TIME, MODIFIER_ID, MODIFIED_TIME, PRIVILEGE_LEVEL_ID, IS_DELETED, PARENT_ID, IS_INITIALIZED)
VALUES (10411, 104, '010411', '注销', '/logout.doself', '', 1, '2014-05-31 00:00:00.0', 1, '2014-06-05 14:29:13.0', 1060101, 0, NULL, 1);
INSERT INTO hxtd.sm_function (ID, MENU_ID, CODE, NAME, URL, REMARK, CREATOR_ID, CREATED_TIME, MODIFIER_ID, MODIFIED_TIME, PRIVILEGE_LEVEL_ID, IS_DELETED, PARENT_ID, IS_INITIALIZED)
VALUES (10412, 104, '010412', '导入', '/system/user/import.do', '', 1, '2014-05-31 00:00:00.0', 1, '2014-06-05 14:29:01.0', 1060103, 0, NULL, 1);
INSERT INTO hxtd.sm_function (ID, MENU_ID, CODE, NAME, URL, REMARK, CREATOR_ID, CREATED_TIME, MODIFIER_ID, MODIFIED_TIME, PRIVILEGE_LEVEL_ID, IS_DELETED, PARENT_ID, IS_INITIALIZED)
VALUES (10413, 104, '010413', '用户导出', '/system/user/export.do', '', 1, '2014-05-31 00:00:00.0', 1, '2014-06-13 18:40:58.0', 1060103, 0, 6, 1);
INSERT INTO hxtd.sm_function (ID, MENU_ID, CODE, NAME, URL, REMARK, CREATOR_ID, CREATED_TIME, MODIFIER_ID, MODIFIED_TIME, PRIVILEGE_LEVEL_ID, IS_DELETED, PARENT_ID, IS_INITIALIZED)
VALUES (10501, 105, '010501', '查询', '/system/role/query.do', '', 1, '2014-05-26 00:00:00.0', 1, '2014-05-26 19:29:06.0', 1060103, 0, NULL, 1);
INSERT INTO hxtd.sm_function (ID, MENU_ID, CODE, NAME, URL, REMARK, CREATOR_ID, CREATED_TIME, MODIFIER_ID, MODIFIED_TIME, PRIVILEGE_LEVEL_ID, IS_DELETED, PARENT_ID, IS_INITIALIZED)
VALUES (10502, 105, '010502', '新增', '/system/role/add.do', '', 1, '2014-05-26 00:00:00.0', 1, '2014-05-26 19:29:06.0', 1060103, 0, NULL, 1);
INSERT INTO hxtd.sm_function (ID, MENU_ID, CODE, NAME, URL, REMARK, CREATOR_ID, CREATED_TIME, MODIFIER_ID, MODIFIED_TIME, PRIVILEGE_LEVEL_ID, IS_DELETED, PARENT_ID, IS_INITIALIZED)
VALUES (10503, 105, '010503', '详情', '/system/role/view.do', '', 1, '2014-05-26 00:00:00.0', 1, '2014-06-18 11:04:29.0', 1060103, 0, NULL, 1);
INSERT INTO hxtd.sm_function (ID, MENU_ID, CODE, NAME, URL, REMARK, CREATOR_ID, CREATED_TIME, MODIFIER_ID, MODIFIED_TIME, PRIVILEGE_LEVEL_ID, IS_DELETED, PARENT_ID, IS_INITIALIZED)
VALUES (10504, 105, '010504', '编辑', '/system/role/modify.do', '', 1, '2014-05-26 00:00:00.0', 1, '2014-06-18 11:04:45.0', 1060103, 0, NULL, 1);
INSERT INTO hxtd.sm_function (ID, MENU_ID, CODE, NAME, URL, REMARK, CREATOR_ID, CREATED_TIME, MODIFIER_ID, MODIFIED_TIME, PRIVILEGE_LEVEL_ID, IS_DELETED, PARENT_ID, IS_INITIALIZED)
VALUES (10505, 105, '010505', '删除', '/system/role/delete.do', '', 1, '2014-05-26 00:00:00.0', 1, '2014-05-26 19:29:06.0', 1060103, 0, NULL, 1);
INSERT INTO hxtd.sm_function (ID, MENU_ID, CODE, NAME, URL, REMARK, CREATOR_ID, CREATED_TIME, MODIFIER_ID, MODIFIED_TIME, PRIVILEGE_LEVEL_ID, IS_DELETED, PARENT_ID, IS_INITIALIZED)
VALUES (10506, 105, '010506', '授权', '/system/role/authorization.do', '', 1, '2014-05-26 00:00:00.0', 1, '2014-05-26 19:29:06.0', 1060103, 0, NULL, 1);
INSERT INTO hxtd.sm_function (ID, MENU_ID, CODE, NAME, URL, REMARK, CREATOR_ID, CREATED_TIME, MODIFIER_ID, MODIFIED_TIME, PRIVILEGE_LEVEL_ID, IS_DELETED, PARENT_ID, IS_INITIALIZED)
VALUES (10601, 106, '010601', '查询', '/system/function/query.do', '', 1, '2014-05-26 00:00:00.0', 1, '2014-05-26 19:29:06.0', 1060103, 0, NULL, 1);
INSERT INTO hxtd.sm_function (ID, MENU_ID, CODE, NAME, URL, REMARK, CREATOR_ID, CREATED_TIME, MODIFIER_ID, MODIFIED_TIME, PRIVILEGE_LEVEL_ID, IS_DELETED, PARENT_ID, IS_INITIALIZED)
VALUES (10602, 106, '010602', '新增', '/system/function/add.do', '', 1, '2014-05-26 00:00:00.0', 1, '2014-05-26 19:29:06.0', 1060103, 0, NULL, 1);
INSERT INTO hxtd.sm_function (ID, MENU_ID, CODE, NAME, URL, REMARK, CREATOR_ID, CREATED_TIME, MODIFIER_ID, MODIFIED_TIME, PRIVILEGE_LEVEL_ID, IS_DELETED, PARENT_ID, IS_INITIALIZED)
VALUES (10603, 106, '010603', '详情', '/system/function/view.do', '', 1, '2014-05-26 00:00:00.0', 1, '2014-06-18 11:04:29.0', 1060103, 0, NULL, 1);
INSERT INTO hxtd.sm_function (ID, MENU_ID, CODE, NAME, URL, REMARK, CREATOR_ID, CREATED_TIME, MODIFIER_ID, MODIFIED_TIME, PRIVILEGE_LEVEL_ID, IS_DELETED, PARENT_ID, IS_INITIALIZED)
VALUES (10604, 106, '010604', '编辑', '/system/function/modify.do', '', 1, '2014-05-26 00:00:00.0', 1, '2014-06-18 11:04:45.0', 1060103, 0, NULL, 1);
INSERT INTO hxtd.sm_function (ID, MENU_ID, CODE, NAME, URL, REMARK, CREATOR_ID, CREATED_TIME, MODIFIER_ID, MODIFIED_TIME, PRIVILEGE_LEVEL_ID, IS_DELETED, PARENT_ID, IS_INITIALIZED)
VALUES (10605, 106, '010605', '删除', '/system/function/delete.do', '', 1, '2014-05-26 00:00:00.0', 1, '2014-05-26 19:29:06.0', 1060103, 0, NULL, 1);
INSERT INTO hxtd.sm_function (ID, MENU_ID, CODE, NAME, URL, REMARK, CREATOR_ID, CREATED_TIME, MODIFIER_ID, MODIFIED_TIME, PRIVILEGE_LEVEL_ID, IS_DELETED, PARENT_ID, IS_INITIALIZED)
VALUES (10606, 106, '010606', '首页', '/system/function/index.do', '', 1, '2014-05-26 00:00:00.0', 1, '2014-05-26 19:29:06.0', 1060103, 0, NULL, 1);
INSERT INTO hxtd.sm_function (ID, MENU_ID, CODE, NAME, URL, REMARK, CREATOR_ID, CREATED_TIME, MODIFIER_ID, MODIFIED_TIME, PRIVILEGE_LEVEL_ID, IS_DELETED, PARENT_ID, IS_INITIALIZED)
VALUES (10701, 107, '010701', '查询', '/system/component/query.do', '', 1, '2014-05-26 00:00:00.0', 1, '2014-05-26 19:29:06.0', 1060103, 0, NULL, 1);
INSERT INTO hxtd.sm_function (ID, MENU_ID, CODE, NAME, URL, REMARK, CREATOR_ID, CREATED_TIME, MODIFIER_ID, MODIFIED_TIME, PRIVILEGE_LEVEL_ID, IS_DELETED, PARENT_ID, IS_INITIALIZED)
VALUES (10702, 107, '010702', '新增', '/system/component/add.do', '', 1, '2014-05-26 00:00:00.0', 1, '2014-05-26 19:29:06.0', 1060103, 0, NULL, 1);
INSERT INTO hxtd.sm_function (ID, MENU_ID, CODE, NAME, URL, REMARK, CREATOR_ID, CREATED_TIME, MODIFIER_ID, MODIFIED_TIME, PRIVILEGE_LEVEL_ID, IS_DELETED, PARENT_ID, IS_INITIALIZED)
VALUES (10703, 107, '010703', '详情', '/system/component/view.do', '', 1, '2014-05-26 00:00:00.0', 1, '2014-06-18 11:04:29.0', 1060103, 0, NULL, 1);
INSERT INTO hxtd.sm_function (ID, MENU_ID, CODE, NAME, URL, REMARK, CREATOR_ID, CREATED_TIME, MODIFIER_ID, MODIFIED_TIME, PRIVILEGE_LEVEL_ID, IS_DELETED, PARENT_ID, IS_INITIALIZED)
VALUES (10704, 107, '010704', '编辑', '/system/component/modify.do', '', 1, '2014-05-26 00:00:00.0', 1, '2014-06-18 11:04:45.0', 1060103, 0, NULL, 1);
INSERT INTO hxtd.sm_function (ID, MENU_ID, CODE, NAME, URL, REMARK, CREATOR_ID, CREATED_TIME, MODIFIER_ID, MODIFIED_TIME, PRIVILEGE_LEVEL_ID, IS_DELETED, PARENT_ID, IS_INITIALIZED)
VALUES (10705, 107, '010705', '删除', '/system/component/delete.do', '', 1, '2014-05-26 00:00:00.0', 1, '2014-05-26 19:29:06.0', 1060103, 0, NULL, 1);
INSERT INTO hxtd.sm_function (ID, MENU_ID, CODE, NAME, URL, REMARK, CREATOR_ID, CREATED_TIME, MODIFIER_ID, MODIFIED_TIME, PRIVILEGE_LEVEL_ID, IS_DELETED, PARENT_ID, IS_INITIALIZED)
VALUES (10706, 107, '010706', '首页', '/system/component/index.do', '', 1, '2014-05-26 00:00:00.0', 1, '2014-05-26 19:29:06.0', 1060103, 0, NULL, 1);
INSERT INTO hxtd.sm_function (ID, MENU_ID, CODE, NAME, URL, REMARK, CREATOR_ID, CREATED_TIME, MODIFIER_ID, MODIFIED_TIME, PRIVILEGE_LEVEL_ID, IS_DELETED, PARENT_ID, IS_INITIALIZED)
VALUES (10801, 108, '010801', '查询', '/system/notice/query.do', '', 1, '2014-05-31 00:00:00.0', 1, '2014-05-31 06:39:39.0', 1060103, 0, NULL, 1);
INSERT INTO hxtd.sm_function (ID, MENU_ID, CODE, NAME, URL, REMARK, CREATOR_ID, CREATED_TIME, MODIFIER_ID, MODIFIED_TIME, PRIVILEGE_LEVEL_ID, IS_DELETED, PARENT_ID, IS_INITIALIZED)
VALUES (10802, 108, '010802', '新增', '/system/notice/add.do', '', 1, '2014-05-31 00:00:00.0', 1, '2014-05-31 06:39:39.0', 1060103, 0, NULL, 1);
INSERT INTO hxtd.sm_function (ID, MENU_ID, CODE, NAME, URL, REMARK, CREATOR_ID, CREATED_TIME, MODIFIER_ID, MODIFIED_TIME, PRIVILEGE_LEVEL_ID, IS_DELETED, PARENT_ID, IS_INITIALIZED)
VALUES (10803, 108, '010803', '详情', '/system/notice/view.do', '', 1, '2014-05-31 00:00:00.0', 1, '2014-06-18 11:04:29.0', 1060103, 0, NULL, 1);
INSERT INTO hxtd.sm_function (ID, MENU_ID, CODE, NAME, URL, REMARK, CREATOR_ID, CREATED_TIME, MODIFIER_ID, MODIFIED_TIME, PRIVILEGE_LEVEL_ID, IS_DELETED, PARENT_ID, IS_INITIALIZED)
VALUES (10804, 108, '010804', '编辑', '/system/notice/modify.do', '', 1, '2014-05-31 00:00:00.0', 1, '2014-06-18 11:04:45.0', 1060103, 0, NULL, 1);
INSERT INTO hxtd.sm_function (ID, MENU_ID, CODE, NAME, URL, REMARK, CREATOR_ID, CREATED_TIME, MODIFIER_ID, MODIFIED_TIME, PRIVILEGE_LEVEL_ID, IS_DELETED, PARENT_ID, IS_INITIALIZED)
VALUES (10805, 108, '010805', '删除', '/system/notice/delete.do', '', 1, '2014-05-31 00:00:00.0', 1, '2014-05-31 06:39:39.0', 1060103, 0, NULL, 1);
INSERT INTO hxtd.sm_function (ID, MENU_ID, CODE, NAME, URL, REMARK, CREATOR_ID, CREATED_TIME, MODIFIER_ID, MODIFIED_TIME, PRIVILEGE_LEVEL_ID, IS_DELETED, PARENT_ID, IS_INITIALIZED)
VALUES (10806, 108, '010806', '导入', '/system/notice/import.do', '', 1, '2014-06-18 19:47:57.0', 1, '2014-06-18 19:48:01.0', 1060103, 0, NULL, 1);
INSERT INTO hxtd.sm_function (ID, MENU_ID, CODE, NAME, URL, REMARK, CREATOR_ID, CREATED_TIME, MODIFIER_ID, MODIFIED_TIME, PRIVILEGE_LEVEL_ID, IS_DELETED, PARENT_ID, IS_INITIALIZED)
VALUES (10807, 108, '010807', '导出', '/system/notice/export.do', '', 1, '2014-06-18 19:50:14.0', 1, '2014-06-19 11:45:19.0', 1060103, 0, NULL, 1);
INSERT INTO hxtd.sm_function (ID, MENU_ID, CODE, NAME, URL, REMARK, CREATOR_ID, CREATED_TIME, MODIFIER_ID, MODIFIED_TIME, PRIVILEGE_LEVEL_ID, IS_DELETED, PARENT_ID, IS_INITIALIZED)
VALUES (10901, 109, '010901', '查询', '/system/message/query.do', '', 1, '2014-05-31 00:00:00.0', 1, '2014-05-31 06:39:39.0', 1060103, 0, NULL, 1);
INSERT INTO hxtd.sm_function (ID, MENU_ID, CODE, NAME, URL, REMARK, CREATOR_ID, CREATED_TIME, MODIFIER_ID, MODIFIED_TIME, PRIVILEGE_LEVEL_ID, IS_DELETED, PARENT_ID, IS_INITIALIZED)
VALUES (10902, 109, '010902', '新增', '/system/message/add.do', '', 1, '2014-05-31 00:00:00.0', 1, '2014-05-31 06:39:39.0', 1060103, 0, NULL, 1);
INSERT INTO hxtd.sm_function (ID, MENU_ID, CODE, NAME, URL, REMARK, CREATOR_ID, CREATED_TIME, MODIFIER_ID, MODIFIED_TIME, PRIVILEGE_LEVEL_ID, IS_DELETED, PARENT_ID, IS_INITIALIZED)
VALUES (10903, 109, '010903', '详情', '/system/message/view.do', '', 1, '2014-05-31 00:00:00.0', 1, '2014-06-18 11:04:29.0', 1060103, 0, NULL, 1);
INSERT INTO hxtd.sm_function (ID, MENU_ID, CODE, NAME, URL, REMARK, CREATOR_ID, CREATED_TIME, MODIFIER_ID, MODIFIED_TIME, PRIVILEGE_LEVEL_ID, IS_DELETED, PARENT_ID, IS_INITIALIZED)
VALUES (10904, 109, '010904', '编辑', '/system/message/modify.do', '', 1, '2014-05-31 00:00:00.0', 1, '2014-06-18 11:04:45.0', 1060103, 0, NULL, 1);
INSERT INTO hxtd.sm_function (ID, MENU_ID, CODE, NAME, URL, REMARK, CREATOR_ID, CREATED_TIME, MODIFIER_ID, MODIFIED_TIME, PRIVILEGE_LEVEL_ID, IS_DELETED, PARENT_ID, IS_INITIALIZED)
VALUES (10905, 109, '010905', '删除', '/system/message/delete.do', '', 1, '2014-05-31 00:00:00.0', 1, '2014-05-31 06:39:39.0', 1060103, 0, NULL, 1);
INSERT INTO hxtd.sm_function (ID, MENU_ID, CODE, NAME, URL, REMARK, CREATOR_ID, CREATED_TIME, MODIFIER_ID, MODIFIED_TIME, PRIVILEGE_LEVEL_ID, IS_DELETED, PARENT_ID, IS_INITIALIZED)
VALUES (10906, 109, '010906', '系统消息导出', '/system/message/export.do', '', 1, '2014-06-19 11:40:13.0', 1, '2014-06-19 12:46:17.0', 1060103, 0, NULL, 1);
INSERT INTO hxtd.sm_function (ID, MENU_ID, CODE, NAME, URL, REMARK, CREATOR_ID, CREATED_TIME, MODIFIER_ID, MODIFIED_TIME, PRIVILEGE_LEVEL_ID, IS_DELETED, PARENT_ID, IS_INITIALIZED)
VALUES (20001, 2, '020001', '详情', '/workbanch/view.do', '', 1, '2014-05-26 00:00:00.0', 1, '2014-06-23 11:24:44.0', 1060101, 0, NULL, 1);
INSERT INTO hxtd.sm_function (ID, MENU_ID, CODE, NAME, URL, REMARK, CREATOR_ID, CREATED_TIME, MODIFIER_ID, MODIFIED_TIME, PRIVILEGE_LEVEL_ID, IS_DELETED, PARENT_ID, IS_INITIALIZED)
VALUES (30101, 301, '030101', '查询', '/market/marketactivity/query.do', '', 1, '2014-05-26 00:00:00.0', 1, '2014-05-27 09:49:10.0', 1060103, 0, NULL, 1);
INSERT INTO hxtd.sm_function (ID, MENU_ID, CODE, NAME, URL, REMARK, CREATOR_ID, CREATED_TIME, MODIFIER_ID, MODIFIED_TIME, PRIVILEGE_LEVEL_ID, IS_DELETED, PARENT_ID, IS_INITIALIZED)
VALUES (30102, 301, '030102', '新增', '/market/marketactivity/add.do', '', 1, '2014-05-26 00:00:00.0', 1, '2014-05-27 09:49:13.0', 1060103, 0, NULL, 1);
INSERT INTO hxtd.sm_function (ID, MENU_ID, CODE, NAME, URL, REMARK, CREATOR_ID, CREATED_TIME, MODIFIER_ID, MODIFIED_TIME, PRIVILEGE_LEVEL_ID, IS_DELETED, PARENT_ID, IS_INITIALIZED)
VALUES (30103, 301, '030103', '详情', '/market/marketactivity/view.do', '', 1, '2014-05-26 00:00:00.0', 1, '2014-06-18 11:04:29.0', 1060103, 0, NULL, 1);
INSERT INTO hxtd.sm_function (ID, MENU_ID, CODE, NAME, URL, REMARK, CREATOR_ID, CREATED_TIME, MODIFIER_ID, MODIFIED_TIME, PRIVILEGE_LEVEL_ID, IS_DELETED, PARENT_ID, IS_INITIALIZED)
VALUES (30104, 301, '030104', '编辑', '/market/marketactivity/modify.do', '', 1, '2014-05-26 00:00:00.0', 1, '2014-06-18 11:04:45.0', 1060103, 0, NULL, 1);
INSERT INTO hxtd.sm_function (ID, MENU_ID, CODE, NAME, URL, REMARK, CREATOR_ID, CREATED_TIME, MODIFIER_ID, MODIFIED_TIME, PRIVILEGE_LEVEL_ID, IS_DELETED, PARENT_ID, IS_INITIALIZED)
VALUES (30105, 301, '030105', '删除', '/market/marketactivity/delete.do', '', 1, '2014-05-26 00:00:00.0', 1, '2014-05-27 09:49:30.0', 1060103, 0, NULL, 1);
INSERT INTO hxtd.sm_function (ID, MENU_ID, CODE, NAME, URL, REMARK, CREATOR_ID, CREATED_TIME, MODIFIER_ID, MODIFIED_TIME, PRIVILEGE_LEVEL_ID, IS_DELETED, PARENT_ID, IS_INITIALIZED)
VALUES (30106, 301, '030106', '导出', '/market/marketactivity/export.do', '', 1, '2014-06-25 15:40:02.0', 1, '2014-06-25 15:40:19.0', 1060103, 0, NULL, 1);
INSERT INTO hxtd.sm_function (ID, MENU_ID, CODE, NAME, URL, REMARK, CREATOR_ID, CREATED_TIME, MODIFIER_ID, MODIFIED_TIME, PRIVILEGE_LEVEL_ID, IS_DELETED, PARENT_ID, IS_INITIALIZED)
VALUES (40101, 401, '040101', '查询', '/customer/lead/query.do', '', 1, '2014-05-26 00:00:00.0', 1, '2014-05-26 19:29:07.0', 1060103, 0, NULL, 1);
INSERT INTO hxtd.sm_function (ID, MENU_ID, CODE, NAME, URL, REMARK, CREATOR_ID, CREATED_TIME, MODIFIER_ID, MODIFIED_TIME, PRIVILEGE_LEVEL_ID, IS_DELETED, PARENT_ID, IS_INITIALIZED)
VALUES (40102, 401, '040102', '新增', '/customer/lead/add.do', '', 1, '2014-05-26 00:00:00.0', 1, '2014-05-26 19:29:07.0', 1060103, 0, NULL, 1);
INSERT INTO hxtd.sm_function (ID, MENU_ID, CODE, NAME, URL, REMARK, CREATOR_ID, CREATED_TIME, MODIFIER_ID, MODIFIED_TIME, PRIVILEGE_LEVEL_ID, IS_DELETED, PARENT_ID, IS_INITIALIZED)
VALUES (40103, 401, '040103', '详情', '/customer/lead/view.do', '', 1, '2014-05-26 00:00:00.0', 1, '2014-06-18 11:04:29.0', 1060103, 0, NULL, 1);
INSERT INTO hxtd.sm_function (ID, MENU_ID, CODE, NAME, URL, REMARK, CREATOR_ID, CREATED_TIME, MODIFIER_ID, MODIFIED_TIME, PRIVILEGE_LEVEL_ID, IS_DELETED, PARENT_ID, IS_INITIALIZED)
VALUES (40104, 401, '040104', '编辑', '/customer/lead/modify.do', '', 1, '2014-05-26 00:00:00.0', 1, '2014-06-18 11:04:45.0', 1060103, 0, NULL, 1);
INSERT INTO hxtd.sm_function (ID, MENU_ID, CODE, NAME, URL, REMARK, CREATOR_ID, CREATED_TIME, MODIFIER_ID, MODIFIED_TIME, PRIVILEGE_LEVEL_ID, IS_DELETED, PARENT_ID, IS_INITIALIZED)
VALUES (40105, 401, '040105', '删除', '/customer/lead/delete.do', '', 1, '2014-05-26 00:00:00.0', 1, '2014-05-26 19:29:07.0', 1060103, 0, NULL, 1);
INSERT INTO hxtd.sm_function (ID, MENU_ID, CODE, NAME, URL, REMARK, CREATOR_ID, CREATED_TIME, MODIFIER_ID, MODIFIED_TIME, PRIVILEGE_LEVEL_ID, IS_DELETED, PARENT_ID, IS_INITIALIZED)
VALUES (40106, 401, '040106', '修改所有者', '/customer/lead/modifyOwner.do', '', 1, '2014-06-04 10:01:11.0', 1, '2014-06-04 10:01:15.0', 1060103, 0, NULL, 1);
INSERT INTO hxtd.sm_function (ID, MENU_ID, CODE, NAME, URL, REMARK, CREATOR_ID, CREATED_TIME, MODIFIER_ID, MODIFIED_TIME, PRIVILEGE_LEVEL_ID, IS_DELETED, PARENT_ID, IS_INITIALIZED)
VALUES (40107, 401, '040107', '导出', '/customer/lead/export.do', '', 1, '2014-06-18 20:31:35.0', 1, '2014-06-18 20:30:43.0', 1060103, 0, NULL, 1);
INSERT INTO hxtd.sm_function (ID, MENU_ID, CODE, NAME, URL, REMARK, CREATOR_ID, CREATED_TIME, MODIFIER_ID, MODIFIED_TIME, PRIVILEGE_LEVEL_ID, IS_DELETED, PARENT_ID, IS_INITIALIZED)
VALUES (40108, 401, '040108', '附件列表', '/lead/attachment/query.do', '', 1, '2014-06-22 16:34:33.0', 1, '2014-06-24 18:10:47.0', 1060103, 0, NULL, 1);
INSERT INTO hxtd.sm_function (ID, MENU_ID, CODE, NAME, URL, REMARK, CREATOR_ID, CREATED_TIME, MODIFIER_ID, MODIFIED_TIME, PRIVILEGE_LEVEL_ID, IS_DELETED, PARENT_ID, IS_INITIALIZED)
VALUES (40109, 401, '040109', '附件上传', '/lead/attachment/upload.do', '', 1, '2014-06-22 16:35:39.0', 1, '2014-06-24 18:10:48.0', 1060103, 0, NULL, 1);
INSERT INTO hxtd.sm_function (ID, MENU_ID, CODE, NAME, URL, REMARK, CREATOR_ID, CREATED_TIME, MODIFIER_ID, MODIFIED_TIME, PRIVILEGE_LEVEL_ID, IS_DELETED, PARENT_ID, IS_INITIALIZED)
VALUES (40110, 401, '040110', '附件预览', '/lead/attachment/view.comp', '', 1, '2014-06-22 16:37:16.0', 1, '2014-06-24 18:10:50.0', 1060103, 0, NULL, 1);
INSERT INTO hxtd.sm_function (ID, MENU_ID, CODE, NAME, URL, REMARK, CREATOR_ID, CREATED_TIME, MODIFIER_ID, MODIFIED_TIME, PRIVILEGE_LEVEL_ID, IS_DELETED, PARENT_ID, IS_INITIALIZED)
VALUES (40111, 401, '040111', '附件下载', '/lead/attachment/download.do', '', 1, '2014-06-22 16:38:30.0', 1, '2014-06-24 18:10:53.0', 1060103, 0, NULL, 1);
INSERT INTO hxtd.sm_function (ID, MENU_ID, CODE, NAME, URL, REMARK, CREATOR_ID, CREATED_TIME, MODIFIER_ID, MODIFIED_TIME, PRIVILEGE_LEVEL_ID, IS_DELETED, PARENT_ID, IS_INITIALIZED)
VALUES (40112, 401, '040112', '附件删除', '/lead/attachment/delete.do', '', 1, '2014-06-26 18:40:37.0', 1, '2014-06-26 18:40:31.0', 1060103, 0, NULL, 1);
INSERT INTO hxtd.sm_function (ID, MENU_ID, CODE, NAME, URL, REMARK, CREATOR_ID, CREATED_TIME, MODIFIER_ID, MODIFIED_TIME, PRIVILEGE_LEVEL_ID, IS_DELETED, PARENT_ID, IS_INITIALIZED)
VALUES (40113, 401, '040113', '线索转换', '/customer/lead/leadConverter.do', '', 1, '2014-06-25 17:23:50.0', 1, '2014-06-26 18:39:54.0', 1060103, 0, NULL, 1);
INSERT INTO hxtd.sm_function (ID, MENU_ID, CODE, NAME, URL, REMARK, CREATOR_ID, CREATED_TIME, MODIFIER_ID, MODIFIED_TIME, PRIVILEGE_LEVEL_ID, IS_DELETED, PARENT_ID, IS_INITIALIZED)
VALUES (40201, 402, '040201', '查询', '/customer/contact/query.do', '', 1, '2014-05-26 00:00:00.0', 1, '2014-05-26 19:29:07.0', 1060103, 0, NULL, 1);
INSERT INTO hxtd.sm_function (ID, MENU_ID, CODE, NAME, URL, REMARK, CREATOR_ID, CREATED_TIME, MODIFIER_ID, MODIFIED_TIME, PRIVILEGE_LEVEL_ID, IS_DELETED, PARENT_ID, IS_INITIALIZED)
VALUES (40202, 402, '040202', '新增', '/customer/contact/add.do', '', 1, '2014-05-26 00:00:00.0', 1, '2014-05-26 19:29:07.0', 1060103, 0, NULL, 1);
INSERT INTO hxtd.sm_function (ID, MENU_ID, CODE, NAME, URL, REMARK, CREATOR_ID, CREATED_TIME, MODIFIER_ID, MODIFIED_TIME, PRIVILEGE_LEVEL_ID, IS_DELETED, PARENT_ID, IS_INITIALIZED)
VALUES (40203, 402, '040203', '详情', '/customer/contact/view.do', '', 1, '2014-05-26 00:00:00.0', 1, '2014-06-18 11:04:29.0', 1060103, 0, NULL, 1);
INSERT INTO hxtd.sm_function (ID, MENU_ID, CODE, NAME, URL, REMARK, CREATOR_ID, CREATED_TIME, MODIFIER_ID, MODIFIED_TIME, PRIVILEGE_LEVEL_ID, IS_DELETED, PARENT_ID, IS_INITIALIZED)
VALUES (40204, 402, '040204', '编辑', '/customer/contact/modify.do', '', 1, '2014-05-26 00:00:00.0', 1, '2014-06-18 11:04:45.0', 1060103, 0, NULL, 1);
INSERT INTO hxtd.sm_function (ID, MENU_ID, CODE, NAME, URL, REMARK, CREATOR_ID, CREATED_TIME, MODIFIER_ID, MODIFIED_TIME, PRIVILEGE_LEVEL_ID, IS_DELETED, PARENT_ID, IS_INITIALIZED)
VALUES (40205, 402, '040205', '删除', '/customer/contact/delete.do', '', 1, '2014-05-26 00:00:00.0', 1, '2014-05-26 19:29:07.0', 1060103, 0, NULL, 1);
INSERT INTO hxtd.sm_function (ID, MENU_ID, CODE, NAME, URL, REMARK, CREATOR_ID, CREATED_TIME, MODIFIER_ID, MODIFIED_TIME, PRIVILEGE_LEVEL_ID, IS_DELETED, PARENT_ID, IS_INITIALIZED)
VALUES (40206, 402, '040206', '导出', '/customer/contact/export.do', '', 1, '2014-06-25 15:41:18.0', 1, '2014-06-25 15:41:31.0', 1060103, 0, NULL, 1);
INSERT INTO hxtd.sm_function (ID, MENU_ID, CODE, NAME, URL, REMARK, CREATOR_ID, CREATED_TIME, MODIFIER_ID, MODIFIED_TIME, PRIVILEGE_LEVEL_ID, IS_DELETED, PARENT_ID, IS_INITIALIZED)
VALUES (40301, 403, '040301', '查询', '/customer/customer/query.do', '', 1, '2014-05-26 00:00:00.0', 1, '2014-05-26 19:29:07.0', 1060103, 0, NULL, 1);
INSERT INTO hxtd.sm_function (ID, MENU_ID, CODE, NAME, URL, REMARK, CREATOR_ID, CREATED_TIME, MODIFIER_ID, MODIFIED_TIME, PRIVILEGE_LEVEL_ID, IS_DELETED, PARENT_ID, IS_INITIALIZED)
VALUES (40302, 403, '040302', '新增', '/customer/customer/add.do', '', 1, '2014-05-26 00:00:00.0', 1, '2014-05-26 19:29:07.0', 1060103, 0, NULL, 1);
INSERT INTO hxtd.sm_function (ID, MENU_ID, CODE, NAME, URL, REMARK, CREATOR_ID, CREATED_TIME, MODIFIER_ID, MODIFIED_TIME, PRIVILEGE_LEVEL_ID, IS_DELETED, PARENT_ID, IS_INITIALIZED)
VALUES (40303, 403, '040303', '详情', '/customer/customer/view.do', '', 1, '2014-05-26 00:00:00.0', 1, '2014-06-18 11:04:29.0', 1060103, 0, NULL, 1);
INSERT INTO hxtd.sm_function (ID, MENU_ID, CODE, NAME, URL, REMARK, CREATOR_ID, CREATED_TIME, MODIFIER_ID, MODIFIED_TIME, PRIVILEGE_LEVEL_ID, IS_DELETED, PARENT_ID, IS_INITIALIZED)
VALUES (40304, 403, '040304', '编辑', '/customer/customer/modify.do', '', 1, '2014-05-26 00:00:00.0', 1, '2014-06-18 11:04:45.0', 1060103, 0, NULL, 1);
INSERT INTO hxtd.sm_function (ID, MENU_ID, CODE, NAME, URL, REMARK, CREATOR_ID, CREATED_TIME, MODIFIER_ID, MODIFIED_TIME, PRIVILEGE_LEVEL_ID, IS_DELETED, PARENT_ID, IS_INITIALIZED)
VALUES (40305, 403, '040305', '删除', '/customer/customer/delete.do', '', 1, '2014-05-26 00:00:00.0', 1, '2014-05-26 19:29:07.0', 1060103, 0, NULL, 1);
INSERT INTO hxtd.sm_function (ID, MENU_ID, CODE, NAME, URL, REMARK, CREATOR_ID, CREATED_TIME, MODIFIER_ID, MODIFIED_TIME, PRIVILEGE_LEVEL_ID, IS_DELETED, PARENT_ID, IS_INITIALIZED)
VALUES (40306, 403, '040306', '客户导出', '/customer/customer/export.do', '', 1, '2014-06-18 20:54:48.0', 1, '2014-06-18 20:55:11.0', 1060103, 0, NULL, 1);
INSERT INTO hxtd.sm_function (ID, MENU_ID, CODE, NAME, URL, REMARK, CREATOR_ID, CREATED_TIME, MODIFIER_ID, MODIFIED_TIME, PRIVILEGE_LEVEL_ID, IS_DELETED, PARENT_ID, IS_INITIALIZED)
VALUES (40307, 403, '040307', '附件上传', '/customer/attachment/query.do', '', 1, '2014-06-22 16:34:33.0', 1, '2014-06-22 16:34:39.0', 1060103, 0, NULL, 1);
INSERT INTO hxtd.sm_function (ID, MENU_ID, CODE, NAME, URL, REMARK, CREATOR_ID, CREATED_TIME, MODIFIER_ID, MODIFIED_TIME, PRIVILEGE_LEVEL_ID, IS_DELETED, PARENT_ID, IS_INITIALIZED)
VALUES (40308, 403, '040308', '附件上传', '/customer/attachment/upload.do', '', 1, '2014-06-22 16:35:39.0', 1, '2014-06-22 16:35:44.0', 1060103, 0, NULL, 1);
INSERT INTO hxtd.sm_function (ID, MENU_ID, CODE, NAME, URL, REMARK, CREATOR_ID, CREATED_TIME, MODIFIER_ID, MODIFIED_TIME, PRIVILEGE_LEVEL_ID, IS_DELETED, PARENT_ID, IS_INITIALIZED)
VALUES (40309, 403, '040309', '附件预览', '/customer/attachment/view.comp', '', 1, '2014-06-22 16:37:16.0', 1, '2014-06-22 16:37:20.0', 1060103, 0, NULL, 1);
INSERT INTO hxtd.sm_function (ID, MENU_ID, CODE, NAME, URL, REMARK, CREATOR_ID, CREATED_TIME, MODIFIER_ID, MODIFIED_TIME, PRIVILEGE_LEVEL_ID, IS_DELETED, PARENT_ID, IS_INITIALIZED)
VALUES (40310, 403, '040311', '附件下载', '/customer/attachment/download.do', '', 1, '2014-06-22 16:38:30.0', 1, '2014-06-22 16:38:34.0', 1060103, 0, NULL, 1);
INSERT INTO hxtd.sm_function (ID, MENU_ID, CODE, NAME, URL, REMARK, CREATOR_ID, CREATED_TIME, MODIFIER_ID, MODIFIED_TIME, PRIVILEGE_LEVEL_ID, IS_DELETED, PARENT_ID, IS_INITIALIZED)
VALUES (50101, 501, '050101', '查询', '/project/supplier/query.do', '', 1, '2014-05-26 00:00:00.0', 1, '2014-05-26 19:29:07.0', 1060103, 0, NULL, 1);
INSERT INTO hxtd.sm_function (ID, MENU_ID, CODE, NAME, URL, REMARK, CREATOR_ID, CREATED_TIME, MODIFIER_ID, MODIFIED_TIME, PRIVILEGE_LEVEL_ID, IS_DELETED, PARENT_ID, IS_INITIALIZED)
VALUES (50102, 501, '050102', '新增', '/project/supplier/add.do', '', 1, '2014-05-26 00:00:00.0', 1, '2014-05-26 19:29:07.0', 1060103, 0, NULL, 1);
INSERT INTO hxtd.sm_function (ID, MENU_ID, CODE, NAME, URL, REMARK, CREATOR_ID, CREATED_TIME, MODIFIER_ID, MODIFIED_TIME, PRIVILEGE_LEVEL_ID, IS_DELETED, PARENT_ID, IS_INITIALIZED)
VALUES (50103, 501, '050103', '详情', '/project/supplier/view.do', '', 1, '2014-05-26 00:00:00.0', 1, '2014-06-18 11:04:29.0', 1060103, 0, NULL, 1);
INSERT INTO hxtd.sm_function (ID, MENU_ID, CODE, NAME, URL, REMARK, CREATOR_ID, CREATED_TIME, MODIFIER_ID, MODIFIED_TIME, PRIVILEGE_LEVEL_ID, IS_DELETED, PARENT_ID, IS_INITIALIZED)
VALUES (50104, 501, '050104', '编辑', '/project/supplier/modify.do', '', 1, '2014-05-26 00:00:00.0', 1, '2014-06-18 11:04:45.0', 1060103, 0, NULL, 1);
INSERT INTO hxtd.sm_function (ID, MENU_ID, CODE, NAME, URL, REMARK, CREATOR_ID, CREATED_TIME, MODIFIER_ID, MODIFIED_TIME, PRIVILEGE_LEVEL_ID, IS_DELETED, PARENT_ID, IS_INITIALIZED)
VALUES (50105, 501, '050105', '删除', '/project/supplier/delete.do', '', 1, '2014-05-26 00:00:00.0', 1, '2014-05-26 19:29:07.0', 1060103, 0, NULL, 1);
INSERT INTO hxtd.sm_function (ID, MENU_ID, CODE, NAME, URL, REMARK, CREATOR_ID, CREATED_TIME, MODIFIER_ID, MODIFIED_TIME, PRIVILEGE_LEVEL_ID, IS_DELETED, PARENT_ID, IS_INITIALIZED)
VALUES (50106, 501, '050106', '附件查询', '/supplier/attachment/query.do', '', 1, '2014-05-27 10:14:03.0', 1, '2014-05-27 10:14:50.0', 1060103, 0, NULL, 1);
INSERT INTO hxtd.sm_function (ID, MENU_ID, CODE, NAME, URL, REMARK, CREATOR_ID, CREATED_TIME, MODIFIER_ID, MODIFIED_TIME, PRIVILEGE_LEVEL_ID, IS_DELETED, PARENT_ID, IS_INITIALIZED)
VALUES (50107, 501, '050107', '附件上传', '/supplier/attachment/upload.do', '地方官', 1, '2014-05-27 14:06:48.0', 1, '2014-06-20 14:22:52.0', 1060103, 0, NULL, 1);
INSERT INTO hxtd.sm_function (ID, MENU_ID, CODE, NAME, URL, REMARK, CREATOR_ID, CREATED_TIME, MODIFIER_ID, MODIFIED_TIME, PRIVILEGE_LEVEL_ID, IS_DELETED, PARENT_ID, IS_INITIALIZED)
VALUES (50108, 501, '050108', '附件预览', '/supplier/attachment/view.comp', '', 1, '2014-05-27 10:16:13.0', 1, '2014-05-27 10:16:28.0', 1060103, 0, NULL, 1);
INSERT INTO hxtd.sm_function (ID, MENU_ID, CODE, NAME, URL, REMARK, CREATOR_ID, CREATED_TIME, MODIFIER_ID, MODIFIED_TIME, PRIVILEGE_LEVEL_ID, IS_DELETED, PARENT_ID, IS_INITIALIZED)
VALUES (50109, 501, '050109', '附件下载', '/supplier/attachment/download.do', '', 1, '2014-05-27 10:17:17.0', 1, '2014-05-27 10:17:31.0', 1060103, 0, NULL, 1);
INSERT INTO hxtd.sm_function (ID, MENU_ID, CODE, NAME, URL, REMARK, CREATOR_ID, CREATED_TIME, MODIFIER_ID, MODIFIED_TIME, PRIVILEGE_LEVEL_ID, IS_DELETED, PARENT_ID, IS_INITIALIZED)
VALUES (50110, 501, '050110', '导出', '/project/supplier/export.do', '', 1, '2014-06-19 14:48:13.0', 1, '2014-06-19 14:47:17.0', 1060103, 0, NULL, 1);
INSERT INTO hxtd.sm_function (ID, MENU_ID, CODE, NAME, URL, REMARK, CREATOR_ID, CREATED_TIME, MODIFIER_ID, MODIFIED_TIME, PRIVILEGE_LEVEL_ID, IS_DELETED, PARENT_ID, IS_INITIALIZED)
VALUES (50111, 501, '050111', '附件删除', '/supplier/attachment/delete.do', '', 1, '2014-06-26 19:14:18.0', 1, '2014-06-26 19:14:14.0', 1060103, 0, NULL, 1);
INSERT INTO hxtd.sm_function (ID, MENU_ID, CODE, NAME, URL, REMARK, CREATOR_ID, CREATED_TIME, MODIFIER_ID, MODIFIED_TIME, PRIVILEGE_LEVEL_ID, IS_DELETED, PARENT_ID, IS_INITIALIZED)
VALUES (50201, 502, '050201', '查询', '/project/project/query.do', '', 1, '2014-05-26 00:00:00.0', 1, '2014-06-08 11:08:55.0', 1060103, 0, NULL, 1);
INSERT INTO hxtd.sm_function (ID, MENU_ID, CODE, NAME, URL, REMARK, CREATOR_ID, CREATED_TIME, MODIFIER_ID, MODIFIED_TIME, PRIVILEGE_LEVEL_ID, IS_DELETED, PARENT_ID, IS_INITIALIZED)
VALUES (50202, 502, '050202', '新增', '/project/project/add.do', '', 1, '2014-05-26 00:00:00.0', 1, '2014-06-08 11:09:07.0', 1060103, 0, NULL, 1);
INSERT INTO hxtd.sm_function (ID, MENU_ID, CODE, NAME, URL, REMARK, CREATOR_ID, CREATED_TIME, MODIFIER_ID, MODIFIED_TIME, PRIVILEGE_LEVEL_ID, IS_DELETED, PARENT_ID, IS_INITIALIZED)
VALUES (50203, 502, '050203', '详情', '/project/project/view.do', '', 1, '2014-05-26 00:00:00.0', 1, '2014-06-18 11:04:29.0', 1060103, 0, NULL, 1);
INSERT INTO hxtd.sm_function (ID, MENU_ID, CODE, NAME, URL, REMARK, CREATOR_ID, CREATED_TIME, MODIFIER_ID, MODIFIED_TIME, PRIVILEGE_LEVEL_ID, IS_DELETED, PARENT_ID, IS_INITIALIZED)
VALUES (50204, 502, '050204', '编辑', '/project/project/modify.do', '', 1, '2014-05-26 00:00:00.0', 1, '2014-06-18 11:04:45.0', 1060103, 0, NULL, 1);
INSERT INTO hxtd.sm_function (ID, MENU_ID, CODE, NAME, URL, REMARK, CREATOR_ID, CREATED_TIME, MODIFIER_ID, MODIFIED_TIME, PRIVILEGE_LEVEL_ID, IS_DELETED, PARENT_ID, IS_INITIALIZED)
VALUES (50205, 502, '050205', '删除', '/project/project/delete.do', '', 1, '2014-05-26 00:00:00.0', 1, '2014-06-08 11:09:23.0', 1060103, 0, NULL, 1);
INSERT INTO hxtd.sm_function (ID, MENU_ID, CODE, NAME, URL, REMARK, CREATOR_ID, CREATED_TIME, MODIFIER_ID, MODIFIED_TIME, PRIVILEGE_LEVEL_ID, IS_DELETED, PARENT_ID, IS_INITIALIZED)
VALUES (50206, 502, '050206', '导出', '/project/project/export.do', '', 1, '2014-06-26 16:37:17.0', 1, '2014-06-26 16:37:13.0', 1060103, 0, NULL, 1);
INSERT INTO hxtd.sm_function (ID, MENU_ID, CODE, NAME, URL, REMARK, CREATOR_ID, CREATED_TIME, MODIFIER_ID, MODIFIED_TIME, PRIVILEGE_LEVEL_ID, IS_DELETED, PARENT_ID, IS_INITIALIZED)
VALUES (50301, 503, '050301', '查询', '/project/product/query.do', '', 1, '2014-05-26 00:00:00.0', 1, '2014-06-08 16:31:32.0', 1060103, 0, NULL, 1);
INSERT INTO hxtd.sm_function (ID, MENU_ID, CODE, NAME, URL, REMARK, CREATOR_ID, CREATED_TIME, MODIFIER_ID, MODIFIED_TIME, PRIVILEGE_LEVEL_ID, IS_DELETED, PARENT_ID, IS_INITIALIZED)
VALUES (50302, 503, '050302', '新增', '/project/product/add.do', '', 1, '2014-05-26 00:00:00.0', 1, '2014-06-08 16:31:35.0', 1060103, 0, NULL, 1);
INSERT INTO hxtd.sm_function (ID, MENU_ID, CODE, NAME, URL, REMARK, CREATOR_ID, CREATED_TIME, MODIFIER_ID, MODIFIED_TIME, PRIVILEGE_LEVEL_ID, IS_DELETED, PARENT_ID, IS_INITIALIZED)
VALUES (50303, 503, '050303', '详情', '/project/product/view.do', '', 1, '2014-05-26 00:00:00.0', 1, '2014-06-18 11:04:29.0', 1060103, 0, NULL, 1);
INSERT INTO hxtd.sm_function (ID, MENU_ID, CODE, NAME, URL, REMARK, CREATOR_ID, CREATED_TIME, MODIFIER_ID, MODIFIED_TIME, PRIVILEGE_LEVEL_ID, IS_DELETED, PARENT_ID, IS_INITIALIZED)
VALUES (50304, 503, '050304', '编辑', '/project/product/modify.do', '', 1, '2014-05-26 00:00:00.0', 1, '2014-06-18 11:04:45.0', 1060103, 0, NULL, 1);
INSERT INTO hxtd.sm_function (ID, MENU_ID, CODE, NAME, URL, REMARK, CREATOR_ID, CREATED_TIME, MODIFIER_ID, MODIFIED_TIME, PRIVILEGE_LEVEL_ID, IS_DELETED, PARENT_ID, IS_INITIALIZED)
VALUES (50305, 503, '050305', '删除', '/project/product/delete.do', '', 1, '2014-05-26 00:00:00.0', 1, '2014-06-08 16:31:45.0', 1060103, 0, NULL, 1);
INSERT INTO hxtd.sm_function (ID, MENU_ID, CODE, NAME, URL, REMARK, CREATOR_ID, CREATED_TIME, MODIFIER_ID, MODIFIED_TIME, PRIVILEGE_LEVEL_ID, IS_DELETED, PARENT_ID, IS_INITIALIZED)
VALUES (50306, 503, '050306', '导出', '/project/product/export.do', '', 1, '2014-06-25 15:42:30.0', 1, '2014-06-25 15:42:41.0', 1060103, 0, NULL, 1);
INSERT INTO hxtd.sm_function (ID, MENU_ID, CODE, NAME, URL, REMARK, CREATOR_ID, CREATED_TIME, MODIFIER_ID, MODIFIED_TIME, PRIVILEGE_LEVEL_ID, IS_DELETED, PARENT_ID, IS_INITIALIZED)
VALUES (60101, 601, '060101', '查询', NULL, '', 1, '2014-05-26 00:00:00.0', 1, '2014-06-19 15:52:54.0', 1060103, 0, NULL, 1);
INSERT INTO hxtd.sm_function (ID, MENU_ID, CODE, NAME, URL, REMARK, CREATOR_ID, CREATED_TIME, MODIFIER_ID, MODIFIED_TIME, PRIVILEGE_LEVEL_ID, IS_DELETED, PARENT_ID, IS_INITIALIZED)
VALUES (60102, 601, '060102', '新增', NULL, '', 1, '2014-05-26 00:00:00.0', 1, '2014-06-19 15:01:25.0', 1060103, 0, NULL, 1);
INSERT INTO hxtd.sm_function (ID, MENU_ID, CODE, NAME, URL, REMARK, CREATOR_ID, CREATED_TIME, MODIFIER_ID, MODIFIED_TIME, PRIVILEGE_LEVEL_ID, IS_DELETED, PARENT_ID, IS_INITIALIZED)
VALUES (60103, 601, '060103', '详情', NULL, '', 1, '2014-05-26 00:00:00.0', 1, '2014-06-19 15:01:28.0', 1060103, 0, NULL, 1);
INSERT INTO hxtd.sm_function (ID, MENU_ID, CODE, NAME, URL, REMARK, CREATOR_ID, CREATED_TIME, MODIFIER_ID, MODIFIED_TIME, PRIVILEGE_LEVEL_ID, IS_DELETED, PARENT_ID, IS_INITIALIZED)
VALUES (60104, 601, '060104', '编辑', NULL, '', 1, '2014-05-26 00:00:00.0', 1, '2014-06-19 15:52:54.0', 1060103, 0, NULL, 1);
INSERT INTO hxtd.sm_function (ID, MENU_ID, CODE, NAME, URL, REMARK, CREATOR_ID, CREATED_TIME, MODIFIER_ID, MODIFIED_TIME, PRIVILEGE_LEVEL_ID, IS_DELETED, PARENT_ID, IS_INITIALIZED)
VALUES (60105, 601, '060105', '删除', NULL, '', 1, '2014-05-26 00:00:00.0', 1, '2014-06-19 15:52:54.0', 1060103, 0, NULL, 1);
INSERT INTO hxtd.sm_function (ID, MENU_ID, CODE, NAME, URL, REMARK, CREATOR_ID, CREATED_TIME, MODIFIER_ID, MODIFIED_TIME, PRIVILEGE_LEVEL_ID, IS_DELETED, PARENT_ID, IS_INITIALIZED)
VALUES (60201, 602, '060201', '查询', NULL, '', 1, '2014-05-26 00:00:00.0', 1, '2014-06-19 15:01:13.0', 1060103, 0, NULL, 1);
INSERT INTO hxtd.sm_function (ID, MENU_ID, CODE, NAME, URL, REMARK, CREATOR_ID, CREATED_TIME, MODIFIER_ID, MODIFIED_TIME, PRIVILEGE_LEVEL_ID, IS_DELETED, PARENT_ID, IS_INITIALIZED)
VALUES (60202, 602, '060202', '新增', NULL, '', 1, '2014-05-26 00:00:00.0', 1, '2014-06-19 15:52:54.0', 1060103, 0, NULL, 1);
INSERT INTO hxtd.sm_function (ID, MENU_ID, CODE, NAME, URL, REMARK, CREATOR_ID, CREATED_TIME, MODIFIER_ID, MODIFIED_TIME, PRIVILEGE_LEVEL_ID, IS_DELETED, PARENT_ID, IS_INITIALIZED)
VALUES (60203, 602, '060203', '详情', NULL, '', 1, '2014-05-26 00:00:00.0', 1, '2014-06-19 15:52:54.0', 1060103, 0, NULL, 1);
INSERT INTO hxtd.sm_function (ID, MENU_ID, CODE, NAME, URL, REMARK, CREATOR_ID, CREATED_TIME, MODIFIER_ID, MODIFIED_TIME, PRIVILEGE_LEVEL_ID, IS_DELETED, PARENT_ID, IS_INITIALIZED)
VALUES (60204, 602, '060204', '编辑', NULL, '', 1, '2014-05-26 00:00:00.0', 1, '2014-06-19 15:52:54.0', 1060103, 0, NULL, 1);
INSERT INTO hxtd.sm_function (ID, MENU_ID, CODE, NAME, URL, REMARK, CREATOR_ID, CREATED_TIME, MODIFIER_ID, MODIFIED_TIME, PRIVILEGE_LEVEL_ID, IS_DELETED, PARENT_ID, IS_INITIALIZED)
VALUES (60205, 602, '060205', '删除', NULL, '', 1, '2014-05-26 00:00:00.0', 1, '2014-06-19 15:52:54.0', 1060103, 0, NULL, 1);
INSERT INTO hxtd.sm_function (ID, MENU_ID, CODE, NAME, URL, REMARK, CREATOR_ID, CREATED_TIME, MODIFIER_ID, MODIFIED_TIME, PRIVILEGE_LEVEL_ID, IS_DELETED, PARENT_ID, IS_INITIALIZED)
VALUES (70101, 701, '070101', '查询', NULL, '', 1, '2014-05-26 00:00:00.0', 1, '2014-06-19 15:52:54.0', 1060103, 0, NULL, 1);
INSERT INTO hxtd.sm_function (ID, MENU_ID, CODE, NAME, URL, REMARK, CREATOR_ID, CREATED_TIME, MODIFIER_ID, MODIFIED_TIME, PRIVILEGE_LEVEL_ID, IS_DELETED, PARENT_ID, IS_INITIALIZED)
VALUES (70102, 701, '070102', '新增', NULL, '', 1, '2014-05-26 00:00:00.0', 1, '2014-06-19 15:52:54.0', 1060103, 0, NULL, 1);
INSERT INTO hxtd.sm_function (ID, MENU_ID, CODE, NAME, URL, REMARK, CREATOR_ID, CREATED_TIME, MODIFIER_ID, MODIFIED_TIME, PRIVILEGE_LEVEL_ID, IS_DELETED, PARENT_ID, IS_INITIALIZED)
VALUES (70103, 701, '070103', '详情', NULL, '', 1, '2014-05-26 00:00:00.0', 1, '2014-06-19 15:52:54.0', 1060103, 0, NULL, 1);
INSERT INTO hxtd.sm_function (ID, MENU_ID, CODE, NAME, URL, REMARK, CREATOR_ID, CREATED_TIME, MODIFIER_ID, MODIFIED_TIME, PRIVILEGE_LEVEL_ID, IS_DELETED, PARENT_ID, IS_INITIALIZED)
VALUES (70104, 701, '070104', '编辑', NULL, '', 1, '2014-05-26 00:00:00.0', 1, '2014-06-19 15:52:54.0', 1060103, 0, NULL, 1);
INSERT INTO hxtd.sm_function (ID, MENU_ID, CODE, NAME, URL, REMARK, CREATOR_ID, CREATED_TIME, MODIFIER_ID, MODIFIED_TIME, PRIVILEGE_LEVEL_ID, IS_DELETED, PARENT_ID, IS_INITIALIZED)
VALUES (70105, 701, '070105', '删除', NULL, '', 1, '2014-05-26 00:00:00.0', 1, '2014-06-19 15:52:54.0', 1060103, 0, NULL, 1);
INSERT INTO hxtd.sm_function (ID, MENU_ID, CODE, NAME, URL, REMARK, CREATOR_ID, CREATED_TIME, MODIFIER_ID, MODIFIED_TIME, PRIVILEGE_LEVEL_ID, IS_DELETED, PARENT_ID, IS_INITIALIZED)
VALUES (70201, 702, '070201', '查询', NULL, '', 1, '2014-05-26 00:00:00.0', 1, '2014-06-19 15:52:54.0', 1060103, 0, NULL, 1);
INSERT INTO hxtd.sm_function (ID, MENU_ID, CODE, NAME, URL, REMARK, CREATOR_ID, CREATED_TIME, MODIFIER_ID, MODIFIED_TIME, PRIVILEGE_LEVEL_ID, IS_DELETED, PARENT_ID, IS_INITIALIZED)
VALUES (70202, 702, '070202', '新增', NULL, '', 1, '2014-05-26 00:00:00.0', 1, '2014-06-19 15:52:54.0', 1060103, 0, NULL, 1);
INSERT INTO hxtd.sm_function (ID, MENU_ID, CODE, NAME, URL, REMARK, CREATOR_ID, CREATED_TIME, MODIFIER_ID, MODIFIED_TIME, PRIVILEGE_LEVEL_ID, IS_DELETED, PARENT_ID, IS_INITIALIZED)
VALUES (70203, 702, '070203', '详情', NULL, '', 1, '2014-05-26 00:00:00.0', 1, '2014-06-19 15:52:54.0', 1060103, 0, NULL, 1);
INSERT INTO hxtd.sm_function (ID, MENU_ID, CODE, NAME, URL, REMARK, CREATOR_ID, CREATED_TIME, MODIFIER_ID, MODIFIED_TIME, PRIVILEGE_LEVEL_ID, IS_DELETED, PARENT_ID, IS_INITIALIZED)
VALUES (70204, 702, '070204', '编辑', NULL, '', 1, '2014-05-26 00:00:00.0', 1, '2014-06-19 15:52:54.0', 1060103, 0, NULL, 1);
INSERT INTO hxtd.sm_function (ID, MENU_ID, CODE, NAME, URL, REMARK, CREATOR_ID, CREATED_TIME, MODIFIER_ID, MODIFIED_TIME, PRIVILEGE_LEVEL_ID, IS_DELETED, PARENT_ID, IS_INITIALIZED)
VALUES (70205, 702, '070205', '删除', NULL, '', 1, '2014-05-26 00:00:00.0', 1, '2014-06-19 15:52:54.0', 1060103, 0, NULL, 1);
INSERT INTO hxtd.sm_function (ID, MENU_ID, CODE, NAME, URL, REMARK, CREATOR_ID, CREATED_TIME, MODIFIER_ID, MODIFIED_TIME, PRIVILEGE_LEVEL_ID, IS_DELETED, PARENT_ID, IS_INITIALIZED)
VALUES (80101, 801, '070101', '查询', NULL, '', 1, '2014-05-26 00:00:00.0', 1, '2014-06-19 15:52:54.0', 1060103, 0, NULL, 1);
INSERT INTO hxtd.sm_function (ID, MENU_ID, CODE, NAME, URL, REMARK, CREATOR_ID, CREATED_TIME, MODIFIER_ID, MODIFIED_TIME, PRIVILEGE_LEVEL_ID, IS_DELETED, PARENT_ID, IS_INITIALIZED)
VALUES (80102, 801, '070102', '新增', NULL, '', 1, '2014-05-26 00:00:00.0', 1, '2014-06-19 15:52:54.0', 1060103, 0, NULL, 1);
INSERT INTO hxtd.sm_function (ID, MENU_ID, CODE, NAME, URL, REMARK, CREATOR_ID, CREATED_TIME, MODIFIER_ID, MODIFIED_TIME, PRIVILEGE_LEVEL_ID, IS_DELETED, PARENT_ID, IS_INITIALIZED)
VALUES (80103, 801, '070103', '详情', NULL, '', 1, '2014-05-26 00:00:00.0', 1, '2014-06-19 15:52:54.0', 1060103, 1, NULL, 1);
INSERT INTO hxtd.sm_function (ID, MENU_ID, CODE, NAME, URL, REMARK, CREATOR_ID, CREATED_TIME, MODIFIER_ID, MODIFIED_TIME, PRIVILEGE_LEVEL_ID, IS_DELETED, PARENT_ID, IS_INITIALIZED)
VALUES (80104, 801, '070104', '编辑', NULL, '', 1, '2014-05-26 00:00:00.0', 1, '2014-06-19 15:52:54.0', 1060103, 1, NULL, 1);
INSERT INTO hxtd.sm_function (ID, MENU_ID, CODE, NAME, URL, REMARK, CREATOR_ID, CREATED_TIME, MODIFIER_ID, MODIFIED_TIME, PRIVILEGE_LEVEL_ID, IS_DELETED, PARENT_ID, IS_INITIALIZED)
VALUES (80105, 801, '070105', '删除', NULL, '', 1, '2014-05-26 00:00:00.0', 1, '2014-06-19 15:52:54.0', 1060103, 1, NULL, 1);
INSERT INTO hxtd.sm_function (ID, MENU_ID, CODE, NAME, URL, REMARK, CREATOR_ID, CREATED_TIME, MODIFIER_ID, MODIFIED_TIME, PRIVILEGE_LEVEL_ID, IS_DELETED, PARENT_ID, IS_INITIALIZED)
VALUES (100001, 10, '100001', '导出', '/system/data/export.do', '', 1, '2014-05-31 00:00:00.0', 1, '2014-06-19 15:55:37.0', 1060103, 0, NULL, 1);
INSERT INTO hxtd.sm_function (ID, MENU_ID, CODE, NAME, URL, REMARK, CREATOR_ID, CREATED_TIME, MODIFIER_ID, MODIFIED_TIME, PRIVILEGE_LEVEL_ID, IS_DELETED, PARENT_ID, IS_INITIALIZED)
VALUES (100401, 1004, '100401', '查询', '/system/auditlog/query.do', '', 1, '2014-06-22 16:47:52.0', 1, '2014-06-26 14:30:52.0', 1060103, 0, NULL, 1);
INSERT INTO hxtd.sm_function (ID, MENU_ID, CODE, NAME, URL, REMARK, CREATOR_ID, CREATED_TIME, MODIFIER_ID, MODIFIED_TIME, PRIVILEGE_LEVEL_ID, IS_DELETED, PARENT_ID, IS_INITIALIZED)
VALUES (100501, 1005, '100501', '查询', '/system/recyclebin/query.do', '', 1, '2014-06-26 11:09:36.0', 1, '2014-06-26 14:30:55.0', 1060103, 0, NULL, 1);
INSERT INTO hxtd.sm_function (ID, MENU_ID, CODE, NAME, URL, REMARK, CREATOR_ID, CREATED_TIME, MODIFIER_ID, MODIFIED_TIME, PRIVILEGE_LEVEL_ID, IS_DELETED, PARENT_ID, IS_INITIALIZED)
VALUES (100502, 1005, '100502', '删除', '/system/recyclebin/delete.do', '', 1, '2014-06-26 11:10:30.0', 1, '2014-06-26 14:30:59.0', 1060103, 0, NULL, 1);
INSERT INTO hxtd.sm_function (ID, MENU_ID, CODE, NAME, URL, REMARK, CREATOR_ID, CREATED_TIME, MODIFIER_ID, MODIFIED_TIME, PRIVILEGE_LEVEL_ID, IS_DELETED, PARENT_ID, IS_INITIALIZED)
VALUES (100503, 1005, '100503', '恢复', '/system/recyclebin/recovery.do', '', 1, '2014-06-26 11:11:14.0', 1, '2014-06-26 14:31:02.0', 1060103, 0, NULL, 1);

DELETE FROM hxtd.sm_component;
INSERT INTO hxtd.sm_component (ID, CODE, NAME, URL, REMARK, CREATOR_ID, CREATED_TIME, MODIFIER_ID, MODIFIED_TIME) VALUES (31, 'TEST0012', '测试组件1', 'system/component/save', '请问士大夫', 1, '2014-05-07 00:00:00.0', 1, '2014-05-07 00:00:00.0');
INSERT INTO hxtd.sm_component (ID, CODE, NAME, URL, REMARK, CREATOR_ID, CREATED_TIME, MODIFIER_ID, MODIFIED_TIME) VALUES (40, 'TEST00714', 'asd', 'asdasdasd', '', 1, '2014-05-07 21:34:11.0', 1, '2014-05-07 21:34:11.0');
INSERT INTO hxtd.sm_component (ID, CODE, NAME, URL, REMARK, CREATOR_ID, CREATED_TIME, MODIFIER_ID, MODIFIED_TIME) VALUES (41, 'TEST00715', 'asd', 'asdasdasd', '', 1, '2014-05-07 21:34:11.0', 1, '2014-05-07 21:34:11.0');
INSERT INTO hxtd.sm_component (ID, CODE, NAME, URL, REMARK, CREATOR_ID, CREATED_TIME, MODIFIER_ID, MODIFIED_TIME) VALUES (42, 'TEST00716', 'asd', 'asdasdasd', '', 1, '2014-05-07 21:34:11.0', 1, '2014-05-07 21:34:11.0');
INSERT INTO hxtd.sm_component (ID, CODE, NAME, URL, REMARK, CREATOR_ID, CREATED_TIME, MODIFIER_ID, MODIFIED_TIME) VALUES (43, 'TEST00717', 'asd', 'asdasdasd', '', 1, '2014-05-07 21:34:11.0', 1, '2014-05-07 21:34:11.0');
INSERT INTO hxtd.sm_component (ID, CODE, NAME, URL, REMARK, CREATOR_ID, CREATED_TIME, MODIFIER_ID, MODIFIED_TIME) VALUES (44, 'fadfa', 'fafda', 'fafda', '', 1, '2014-05-08 00:00:00.0', 1, '2014-05-08 00:00:00.0');
INSERT INTO hxtd.sm_component (ID, CODE, NAME, URL, REMARK, CREATOR_ID, CREATED_TIME, MODIFIER_ID, MODIFIED_TIME) VALUES (45, 'aaa', 'aaa', 'aaa', 'aaa', 1, '2014-05-08 00:00:00.0', 1, '2014-05-08 00:00:00.0');
INSERT INTO hxtd.sm_component (ID, CODE, NAME, URL, REMARK, CREATOR_ID, CREATED_TIME, MODIFIER_ID, MODIFIED_TIME) VALUES (46, 'TEST1112', 'ASD', 'ASDASDASD', 'ASDASD', 1, '2014-01-01 00:00:00.0', 1, '2014-01-01 00:00:00.0');
INSERT INTO hxtd.sm_component (ID, CODE, NAME, URL, REMARK, CREATOR_ID, CREATED_TIME, MODIFIER_ID, MODIFIED_TIME) VALUES (47, 'TEST1113', 'ASD', 'ASDASDASD', 'ASDASD', 1, '2014-01-01 00:00:00.0', 1, '2014-01-01 00:00:00.0');
INSERT INTO hxtd.sm_component (ID, CODE, NAME, URL, REMARK, CREATOR_ID, CREATED_TIME, MODIFIER_ID, MODIFIED_TIME) VALUES (48, 'TEST1114', 'ASD', 'ASDASDASD', 'ASDASD', 1, '2014-01-01 00:00:00.0', 1, '2014-01-01 00:00:00.0');
INSERT INTO hxtd.sm_component (ID, CODE, NAME, URL, REMARK, CREATOR_ID, CREATED_TIME, MODIFIER_ID, MODIFIED_TIME) VALUES (49, 'TEST1115', 'ASD', 'ASDASDASD', 'ASDASD', 1, '2014-01-01 00:00:00.0', 1, '2014-01-01 00:00:00.0');
INSERT INTO hxtd.sm_component (ID, CODE, NAME, URL, REMARK, CREATOR_ID, CREATED_TIME, MODIFIER_ID, MODIFIED_TIME) VALUES (50, 'TEST1116', 'ASD', 'ASDASDASD', 'ASDASD', 1, '2014-01-01 00:00:00.0', 1, '2014-01-01 00:00:00.0');
INSERT INTO hxtd.sm_component (ID, CODE, NAME, URL, REMARK, CREATOR_ID, CREATED_TIME, MODIFIER_ID, MODIFIED_TIME) VALUES (51, 'TEST1117', 'ASD', 'ASDASDASD', 'ASDASD', 1, '2014-01-01 00:00:00.0', 1, '2014-01-01 00:00:00.0');
INSERT INTO hxtd.sm_component (ID, CODE, NAME, URL, REMARK, CREATOR_ID, CREATED_TIME, MODIFIER_ID, MODIFIED_TIME) VALUES (52, 'TEST1118', 'ASD', 'ASDASDASD', 'ASDASD', 1, '2014-01-01 00:00:00.0', 1, '2014-01-01 00:00:00.0');
INSERT INTO hxtd.sm_component (ID, CODE, NAME, URL, REMARK, CREATOR_ID, CREATED_TIME, MODIFIER_ID, MODIFIED_TIME) VALUES (53, 'TEST1119', 'ASD', 'ASDASDASD', 'ASDASD', 1, '2014-01-01 00:00:00.0', 1, '2014-01-01 00:00:00.0');
INSERT INTO hxtd.sm_component (ID, CODE, NAME, URL, REMARK, CREATOR_ID, CREATED_TIME, MODIFIER_ID, MODIFIED_TIME) VALUES (54, 'TEST11111', 'ASD', 'ASDASDASD', 'ASDASD', 1, '2014-01-01 00:00:00.0', 1, '2014-01-01 00:00:00.0');
INSERT INTO hxtd.sm_component (ID, CODE, NAME, URL, REMARK, CREATOR_ID, CREATED_TIME, MODIFIER_ID, MODIFIED_TIME) VALUES (55, 'TEST111111', 'ASD', 'ASDASDASD', 'ASDASD', 1, '2014-01-01 00:00:00.0', 1, '2014-01-01 00:00:00.0');
INSERT INTO hxtd.sm_component (ID, CODE, NAME, URL, REMARK, CREATOR_ID, CREATED_TIME, MODIFIER_ID, MODIFIED_TIME) VALUES (56, 'TEST111112', 'ASD', 'ASDASDASD', 'ASDASD', 1, '2014-01-01 00:00:00.0', 1, '2014-01-01 00:00:00.0');
INSERT INTO hxtd.sm_component (ID, CODE, NAME, URL, REMARK, CREATOR_ID, CREATED_TIME, MODIFIER_ID, MODIFIED_TIME) VALUES (57, 'TEST111114', 'ASD', 'ASDASDASD', 'ASDASD', 1, '2014-01-01 00:00:00.0', 1, '2014-01-01 00:00:00.0');
INSERT INTO hxtd.sm_component (ID, CODE, NAME, URL, REMARK, CREATOR_ID, CREATED_TIME, MODIFIER_ID, MODIFIED_TIME) VALUES (58, 'TEST111113', 'ASD', 'ASDASDASD', 'ASDASD', 1, '2014-01-01 00:00:00.0', 1, '2014-01-01 00:00:00.0');
INSERT INTO hxtd.sm_component (ID, CODE, NAME, URL, REMARK, CREATOR_ID, CREATED_TIME, MODIFIER_ID, MODIFIED_TIME) VALUES (59, 'TEST111115', 'ASD', 'ASDASDASD', 'ASDASD', 1, '2014-01-01 00:00:00.0', 1, '2014-01-01 00:00:00.0');
INSERT INTO hxtd.sm_component (ID, CODE, NAME, URL, REMARK, CREATOR_ID, CREATED_TIME, MODIFIER_ID, MODIFIED_TIME) VALUES (60, 'TEST111116', 'ASD', 'ASDASDASD', 'ASDASD', 1, '2014-01-01 00:00:00.0', 1, '2014-01-01 00:00:00.0');
INSERT INTO hxtd.sm_component (ID, CODE, NAME, URL, REMARK, CREATOR_ID, CREATED_TIME, MODIFIER_ID, MODIFIED_TIME) VALUES (61, 'TEST111117', 'ASD', 'ASDASDASD', 'ASDASD', 1, '2014-01-01 00:00:00.0', 1, '2014-01-01 00:00:00.0');
INSERT INTO hxtd.sm_component (ID, CODE, NAME, URL, REMARK, CREATOR_ID, CREATED_TIME, MODIFIER_ID, MODIFIED_TIME) VALUES (62, 'TEST111118', 'ASD', 'ASDASDASD', 'ASDASD', 1, '2014-01-01 00:00:00.0', 1, '2014-01-01 00:00:00.0');
INSERT INTO hxtd.sm_component (ID, CODE, NAME, URL, REMARK, CREATOR_ID, CREATED_TIME, MODIFIER_ID, MODIFIED_TIME) VALUES (63, 'TEST111119', 'ASD', 'ASDASDASD', 'ASDASD', 1, '2014-01-01 00:00:00.0', 1, '2014-01-01 00:00:00.0');