USE hxtd;

SET @OLD_FOREIGN_KEY_CHECKS = @@FOREIGN_KEY_CHECKS, FOREIGN_KEY_CHECKS = 0;

DELETE FROM SM_DICTIONARY;
# //TODO 关于ID有序编号
INSERT INTO SM_DICTIONARY (ID, `KEY`, VALUE, PARENT_ID, REMARK, CREATOR_ID, CREATED_TIME, MODIFIER_ID, MODIFIED_TIME)
VALUES (010201, "打开方式", "010201", NULL, "用户菜单打开方式", 1, current_date, 1, current_timestamp);
INSERT INTO SM_DICTIONARY (ID, `KEY`, VALUE, PARENT_ID, REMARK, CREATOR_ID, CREATED_TIME, MODIFIER_ID, MODIFIED_TIME)
VALUES (01020101, "常规的", "01020101", 010201, "用户菜单打开方式", 1, current_date, 1, current_timestamp);

INSERT INTO SM_DICTIONARY (ID, `KEY`, VALUE, PARENT_ID, REMARK, CREATOR_ID, CREATED_TIME, MODIFIER_ID, MODIFIED_TIME)
VALUES (010202, "显示位置", "010202", NULL, "菜单显示位置", 1, current_date, 1, current_timestamp);
INSERT INTO SM_DICTIONARY (ID, `KEY`, VALUE, PARENT_ID, REMARK, CREATOR_ID, CREATED_TIME, MODIFIER_ID, MODIFIED_TIME)
VALUES (01020201, "菜单栏", "01020201", 010202, "菜单显示位置", 1, current_date, 1, current_timestamp);
INSERT INTO SM_DICTIONARY (ID, `KEY`, VALUE, PARENT_ID, REMARK, CREATOR_ID, CREATED_TIME, MODIFIER_ID, MODIFIED_TIME)
VALUES (01020202, "标题栏右侧", "01020202", 010202, "菜单显示位置", 1, current_date, 1, current_timestamp);

INSERT INTO SM_DICTIONARY (ID, `KEY`, VALUE, PARENT_ID, REMARK, CREATOR_ID, CREATED_TIME, MODIFIER_ID, MODIFIED_TIME)
VALUES (010301, "类型", "010301", NULL, "组织类型", 1, current_date, 1, current_timestamp);
INSERT INTO SM_DICTIONARY (ID, `KEY`, VALUE, PARENT_ID, REMARK, CREATOR_ID, CREATED_TIME, MODIFIER_ID, MODIFIED_TIME)
VALUES (01030101, "公司", "01030101", 010301, "组织类型", 1, current_date, 1, current_timestamp);
INSERT INTO SM_DICTIONARY (ID, `KEY`, VALUE, PARENT_ID, REMARK, CREATOR_ID, CREATED_TIME, MODIFIER_ID, MODIFIED_TIME)
VALUES (01030102, "部门", "01030102", 010301, "组织类型", 1, current_date, 1, current_timestamp);
INSERT INTO SM_DICTIONARY (ID, `KEY`, VALUE, PARENT_ID, REMARK, CREATOR_ID, CREATED_TIME, MODIFIER_ID, MODIFIED_TIME)
VALUES (01030103, "组", "01030103", 010301, "组织类型", 1, current_date, 1, current_timestamp);

INSERT INTO SM_DICTIONARY (ID, `KEY`, VALUE, PARENT_ID, REMARK, CREATOR_ID, CREATED_TIME, MODIFIER_ID, MODIFIED_TIME)
VALUES (010401, "类型", "010401", NULL, "用户类型", NULL, current_date, 1, current_timestamp);
INSERT INTO SM_DICTIONARY (ID, `KEY`, VALUE, PARENT_ID, REMARK, CREATOR_ID, CREATED_TIME, MODIFIER_ID, MODIFIED_TIME)
VALUES (01040101, "管理员", "01040101", 010401, "用户类型", 1, current_date, 1, current_timestamp);
INSERT INTO SM_DICTIONARY (ID, `KEY`, VALUE, PARENT_ID, REMARK, CREATOR_ID, CREATED_TIME, MODIFIER_ID, MODIFIED_TIME)
VALUES (01040102, "常规人员", "01040102", 010401, "用户类型", 1, current_date, 1, current_timestamp);

INSERT INTO SM_DICTIONARY (ID, `KEY`, VALUE, PARENT_ID, REMARK, CREATOR_ID, CREATED_TIME, MODIFIER_ID, MODIFIED_TIME)
VALUES (010403, "工作状态", "010403", NULL, "用户工作状态", 1, current_date, 1, current_timestamp);
INSERT INTO SM_DICTIONARY (ID, `KEY`, VALUE, PARENT_ID, REMARK, CREATOR_ID, CREATED_TIME, MODIFIER_ID, MODIFIED_TIME)
VALUES (01040301, "在岗", "01040301", 010403, "用户工作状态", 1, current_date, 1, current_timestamp);
INSERT INTO SM_DICTIONARY (ID, `KEY`, VALUE, PARENT_ID, REMARK, CREATOR_ID, CREATED_TIME, MODIFIER_ID, MODIFIED_TIME)
VALUES (01040302, "离岗", "01040302", 010403, "用户工作状态", 1, current_date, 1, current_timestamp);

INSERT INTO SM_DICTIONARY (ID, `KEY`, VALUE, PARENT_ID, REMARK, CREATOR_ID, CREATED_TIME, MODIFIER_ID, MODIFIED_TIME)
VALUES (010404, "数据存储状态", "010404", NULL, "用户数据存储状态", 1, current_date, 1, current_timestamp);
INSERT INTO SM_DICTIONARY (ID, `KEY`, VALUE, PARENT_ID, REMARK, CREATOR_ID, CREATED_TIME, MODIFIER_ID, MODIFIED_TIME)
VALUES (01040401, "最新的", "01040401", 010404, "用户数据存储状态", 1, current_date, 1, current_timestamp);
INSERT INTO SM_DICTIONARY (ID, `KEY`, VALUE, PARENT_ID, REMARK, CREATOR_ID, CREATED_TIME, MODIFIER_ID, MODIFIED_TIME)
VALUES (01040402, "延迟的", "01040402", 010404, "用户数据存储状态", 1, current_date, 1, current_timestamp);

INSERT INTO SM_DICTIONARY (ID, `KEY`, VALUE, PARENT_ID, REMARK, CREATOR_ID, CREATED_TIME, MODIFIER_ID, MODIFIED_TIME)
VALUES (010501, "角色类型", "010501", NULL, "角色类型", 1, current_date, 1, current_timestamp);
INSERT INTO SM_DICTIONARY (ID, `KEY`, VALUE, PARENT_ID, REMARK, CREATOR_ID, CREATED_TIME, MODIFIER_ID, MODIFIED_TIME)
VALUES (01050101, "常规的", "01050101", 010501, "角色类型", 1, current_date, 1, current_timestamp);


INSERT INTO SM_DICTIONARY (ID, `KEY`, VALUE, PARENT_ID, REMARK, CREATOR_ID, CREATED_TIME, MODIFIER_ID, MODIFIED_TIME)
VALUES (010601, "权限级别", "010202", NULL, "功能权限级别", 1, current_date, 1, current_timestamp);
INSERT INTO SM_DICTIONARY (ID, `KEY`, VALUE, PARENT_ID, REMARK, CREATOR_ID, CREATED_TIME, MODIFIER_ID, MODIFIED_TIME)
VALUES (01060101, "公共", "01060101", 010601, "功能权限级别", 1, current_date, 1, current_timestamp);
INSERT INTO SM_DICTIONARY (ID, `KEY`, VALUE, PARENT_ID, REMARK, CREATOR_ID, CREATED_TIME, MODIFIER_ID, MODIFIED_TIME)
VALUES (01060102, "身份认证", "01060102", 010601, "功能权限级别", 1, current_date, 1, current_timestamp);
INSERT INTO SM_DICTIONARY (ID, `KEY`, VALUE, PARENT_ID, REMARK, CREATOR_ID, CREATED_TIME, MODIFIER_ID, MODIFIED_TIME)
VALUES (01060103, "权限认证", "01060103", 010601, "功能权限级别", 1, current_date, 1, current_timestamp);

INSERT INTO SM_DICTIONARY (ID, `KEY`, VALUE, PARENT_ID, REMARK, CREATOR_ID, CREATED_TIME, MODIFIER_ID, MODIFIED_TIME)
VALUES (050101, "类型", "010501", NULL, "供应商类型", 1, current_date, 1, current_timestamp);
INSERT INTO SM_DICTIONARY (ID, `KEY`, VALUE, PARENT_ID, REMARK, CREATOR_ID, CREATED_TIME, MODIFIER_ID, MODIFIED_TIME)
VALUES (05010101, "普通供应商", "01050101", 050101, "供应商类型", 1, current_date, 1, current_timestamp);
INSERT INTO SM_DICTIONARY (ID, `KEY`, VALUE, PARENT_ID, REMARK, CREATOR_ID, CREATED_TIME, MODIFIER_ID, MODIFIED_TIME)
VALUES (05010102, " 非普通供应商", "05010102", 050101, "供应商类型", 1, current_date, 1, current_timestamp);


DELETE FROM SM_ORG;
INSERT INTO SM_ORG (ID, CODE, TYPE, PARENT_ORG_ID, SHORT_NAME, FULL_NAME, LEVEL, IS_LEAF, ADDRESS, ZIP_CODE, PHONE, EMAIL, WEB_SITE, STATUS, `ORDER`, REMARK, CREATOR_ID, CREATED_TIME, MODIFIER_ID, MODIFIED_TIME)
VALUES (1, "010000", "01030101", NULL, "华兴控股", "华兴控股", 1, 0, "北京市海淀区", "100000", "1862008324", "1429457@163.com", "http://crm.com", NULL, 1000000, "", 1, current_date, 1,
        current_timestamp);
INSERT INTO SM_ORG (ID, CODE, TYPE, PARENT_ORG_ID, SHORT_NAME, FULL_NAME, LEVEL, IS_LEAF, ADDRESS, ZIP_CODE, PHONE, EMAIL, WEB_SITE, STATUS, `ORDER`, REMARK, CREATOR_ID, CREATED_TIME, MODIFIER_ID, MODIFIED_TIME)
VALUES (101, "010100", "01030101", 1, "董事会", "华兴控股", 2, 1, "北京市海淀区", "100000", "1862008324", "1429457@163.com", "http://crm.com", NULL, 1010000, "", 1, current_date, 1,
        current_timestamp);
INSERT INTO SM_ORG (ID, CODE, TYPE, PARENT_ORG_ID, SHORT_NAME, FULL_NAME, LEVEL, IS_LEAF, ADDRESS, ZIP_CODE, PHONE, EMAIL, WEB_SITE, STATUS, `ORDER`, REMARK, CREATOR_ID, CREATED_TIME, MODIFIER_ID, MODIFIED_TIME)
VALUES (102, "010200", "01030101", 1, "三级委员会", "华信泰达", 2, 1, "北京市海淀区", "100000", "1862008324", "1429457@163.com", "http://crm.com", NULL, 1020000, "", 1, current_date, 1,
        current_timestamp);
INSERT INTO SM_ORG (ID, CODE, TYPE, PARENT_ORG_ID, SHORT_NAME, FULL_NAME, LEVEL, IS_LEAF, ADDRESS, ZIP_CODE, PHONE, EMAIL, WEB_SITE, STATUS, `ORDER`, REMARK, CREATOR_ID, CREATED_TIME, MODIFIER_ID, MODIFIED_TIME)
VALUES (103, "010300", "01030101", 1, "技术管理中心", "华兴控股", 2, 0, "北京市海淀区", "100000", "1862008324", "1429457@163.com", "http://crm.com", NULL, 1030000, "", 1, current_date, 1,
        current_timestamp);
INSERT INTO SM_ORG (ID, CODE, TYPE, PARENT_ORG_ID, SHORT_NAME, FULL_NAME, LEVEL, IS_LEAF, ADDRESS, ZIP_CODE, PHONE, EMAIL, WEB_SITE, STATUS, `ORDER`, REMARK, CREATOR_ID, CREATED_TIME, MODIFIER_ID, MODIFIED_TIME)
VALUES
  (10301, "010301", "01030101", 103, "技术管理中心", "华兴控股", 3, 1, "北京市海淀区", "100000", "1862008324", "1429457@163.com", "http://crm.com", NULL, 1030100, "", 1, current_date, 1,
   current_timestamp);
INSERT INTO SM_ORG (ID, CODE, TYPE, PARENT_ORG_ID, SHORT_NAME, FULL_NAME, LEVEL, IS_LEAF, ADDRESS, ZIP_CODE, PHONE, EMAIL, WEB_SITE, STATUS, `ORDER`, REMARK, CREATOR_ID, CREATED_TIME, MODIFIER_ID, MODIFIED_TIME)
VALUES
  (10302, "010302", "01030101", 103, "企划营销中心", "华信泰达", 3, 1, "北京市海淀区", "100000", "1862008324", "1429457@163.com", "http://crm.com", NULL, 1030200, "", 1, current_date, 1,
   current_timestamp);
INSERT INTO SM_ORG (ID, CODE, TYPE, PARENT_ORG_ID, SHORT_NAME, FULL_NAME, LEVEL, IS_LEAF, ADDRESS, ZIP_CODE, PHONE, EMAIL, WEB_SITE, STATUS, `ORDER`, REMARK, CREATOR_ID, CREATED_TIME, MODIFIER_ID, MODIFIED_TIME)
VALUES (104, "010400", "01030101", 1, "企划营销中心", "华信泰达", 2, 1, "北京市海淀区", "100000", "1862008324", "1429457@163.com", "http://crm.com", NULL, 1040000, "", 1, current_date, 1,
        current_timestamp);

DELETE FROM SM_USER;
# admin 拥有所有权限
INSERT INTO SM_USER (ID, LOGIN_NAME, PASSWORD, CODE, USER_NAME, `ORDER`, IS_ACTIVE, JOB_SITUATION, SEX_ID, PHONE, MOBILE, EMAIL, QQ, IS_MANAGER, JOB_NAME, REMARK, ORGANIZATION_ID, STORE_STATUS, CREATOR_ID, CREATED_TIME, MODIFIER_ID, MODIFIED_TIME)
VALUES
  (1, "admin", "admin", "", "manager", 1, '1', 01040301, '1', "000000000000", "0000000000", "00000000@gmail.com", "000000000",
   1, "工程师", "", 1, 1040401, 1, current_date, 1, current_timestamp);
# rolemenu 用来测试角色菜单权限
INSERT INTO SM_USER (ID, LOGIN_NAME, PASSWORD, CODE, USER_NAME, `ORDER`, IS_ACTIVE, JOB_SITUATION, SEX_ID, PHONE, MOBILE, EMAIL, QQ, IS_MANAGER, JOB_NAME, REMARK, ORGANIZATION_ID, STORE_STATUS, CREATOR_ID, CREATED_TIME, MODIFIER_ID, MODIFIED_TIME)
VALUES
  (2, "rolemenu", "rolemenu", "", "manager", 1, '1', 01040301, '1', "000000000000", "0000000000", "00000000@gmail.com",
   "000000000",
   0, "工程师", "", 1, 1040401, 1, current_date, 1, current_timestamp);

# usermenu 用来测试用户菜单权限
INSERT INTO SM_USER (ID, LOGIN_NAME, PASSWORD, CODE, USER_NAME, `ORDER`, IS_ACTIVE, JOB_SITUATION, SEX_ID, PHONE, MOBILE, EMAIL, QQ, IS_MANAGER, JOB_NAME, REMARK, ORGANIZATION_ID, STORE_STATUS, CREATOR_ID, CREATED_TIME, MODIFIER_ID, MODIFIED_TIME)
VALUES
  (3, "usermenu", "usermenu", "", "usermenu", 1, '1', 01040301, '1', "000000000000", "0000000000", "00000000@gmail.com",
   "000000000",
   0, "工程师", "", 1, 1040401, 1, current_date, 1, current_date);

# rolecomponent 用来测试角色组件权限
INSERT INTO SM_USER (ID, LOGIN_NAME, PASSWORD, CODE, USER_NAME, `ORDER`, IS_ACTIVE, JOB_SITUATION, SEX_ID, PHONE, MOBILE, EMAIL, QQ, IS_MANAGER, JOB_NAME, REMARK, ORGANIZATION_ID, STORE_STATUS, CREATOR_ID, CREATED_TIME, MODIFIER_ID, MODIFIED_TIME)
VALUES
  (4, "rolecomponent", "rolecomponent", "", "rolecomponent", 1, '1', 01040301, '1', "000000000000", "0000000000",
   "00000000@gmail.com", "000000000",
   0, "工程师", "", 1, 1040401, 1, current_date, 1, current_date);

# usercomponent 用来测试用户组件权限
INSERT INTO SM_USER (ID, LOGIN_NAME, PASSWORD, CODE, USER_NAME, `ORDER`, IS_ACTIVE, JOB_SITUATION, SEX_ID, PHONE, MOBILE, EMAIL, QQ, IS_MANAGER, JOB_NAME, REMARK, ORGANIZATION_ID, STORE_STATUS, CREATOR_ID, CREATED_TIME, MODIFIER_ID, MODIFIED_TIME)
VALUES
  (5, "usercomponent", "usercomponent", "", "manager", 1, '1', 01040301, '1', "000000000000", "0000000000",
   "00000000@gmail.com", "000000000",
   0, "工程师", "", 1, 1040401, 1, current_date, 1, current_date);

INSERT INTO SM_USER (ID, LOGIN_NAME, PASSWORD, CODE, USER_NAME, `ORDER`, IS_ACTIVE, JOB_SITUATION, SEX_ID, PHONE, MOBILE, EMAIL, QQ, IS_MANAGER, JOB_NAME, REMARK, ORGANIZATION_ID, STORE_STATUS, CREATOR_ID, CREATED_TIME, MODIFIER_ID, MODIFIED_TIME)
VALUES
  (6, "testactive", "testactive", "", "manager", 1, '0', 01040301, '1', "000000000000", "0000000000",
   "00000000@gmail.com", "000000000",
   0, "工程师", "", 1, 1040401, 1, current_date, 1, current_date);

INSERT INTO SM_USER (ID, LOGIN_NAME, PASSWORD, CODE, USER_NAME, `ORDER`, IS_ACTIVE, JOB_SITUATION, SEX_ID, PHONE, MOBILE, EMAIL, QQ, IS_MANAGER, JOB_NAME, REMARK, ORGANIZATION_ID, STORE_STATUS, CREATOR_ID, CREATED_TIME, MODIFIER_ID, MODIFIED_TIME)
VALUES
  (7, "testtype", "testtype", "", "manager", 1, '1', 01040301, '1', "000000000000", "0000000000", "00000000@gmail.com", "000000000",
   0, "工程师", "", 1, 1040401, 1, current_date, 1, current_timestamp);

DELETE FROM SM_USER_ORG;
INSERT INTO SM_USER_ORG (USER_ID, ORG_ID) VALUES (1, 1);
INSERT INTO SM_USER_ORG (USER_ID, ORG_ID) VALUES (2, 1);
INSERT INTO SM_USER_ORG (USER_ID, ORG_ID) VALUES (3, 1);
INSERT INTO SM_USER_ORG (USER_ID, ORG_ID) VALUES (4, 1);
INSERT INTO SM_USER_ORG (USER_ID, ORG_ID) VALUES (5, 1);

DELETE FROM SM_MENU;
INSERT INTO SM_MENU (ID, NAME, CODE, URL, LEVEL, IS_LEAF, TRIGGER_ID, SHOW_LOCATION_ID, OPEN_TYPE, `ORDER`, PARENT_MENU_ID, CREATED_TIME, CREATOR_ID, MODIFIER_ID)
VALUES (1, "系统管理", "0100", NULL, 1, 0, NULL, 01020202, 01020101, 100000, NULL, current_date, 1, 1);
INSERT INTO SM_MENU (ID, NAME, CODE, URL, LEVEL, IS_LEAF, TRIGGER_ID, SHOW_LOCATION_ID, OPEN_TYPE, `ORDER`, PARENT_MENU_ID, CREATED_TIME, CREATOR_ID, MODIFIER_ID)
VALUES (101, "字典管理", "0101", "/system/dictionary/toQueryPage.do", 2, 1, 10101, NULL, 01020101, 100100, 1, current_date, 1, 1);
INSERT INTO SM_MENU (ID, NAME, CODE, URL, LEVEL, IS_LEAF, TRIGGER_ID, SHOW_LOCATION_ID, OPEN_TYPE, `ORDER`, PARENT_MENU_ID, CREATED_TIME, CREATOR_ID, MODIFIER_ID)
VALUES (102, "组织管理", "0102", "/system/organization/toQueryPage.do", 2, 1, 10201, 01020202, 01020101, 100200, 1, current_date, 1, 1);
INSERT INTO SM_MENU (ID, NAME, CODE, URL, LEVEL, IS_LEAF, TRIGGER_ID, SHOW_LOCATION_ID, OPEN_TYPE, `ORDER`, PARENT_MENU_ID, CREATED_TIME, CREATOR_ID, MODIFIER_ID)
VALUES (103, "菜单管理", "0103", "/system/menu/toQueryPage.do", 2, 1, 10301, 01020202, 01020101, 100300, 1, current_date, 1, 1);
INSERT INTO SM_MENU (ID, NAME, CODE, URL, LEVEL, IS_LEAF, TRIGGER_ID, SHOW_LOCATION_ID, OPEN_TYPE, `ORDER`, PARENT_MENU_ID, CREATED_TIME, CREATOR_ID, MODIFIER_ID)
VALUES (104, "用户管理", "0104", "/system/user/toQueryPage.do", 2, 1, 10401, 01020202, 01020101, 100400, 1, current_date, 1, 1);
INSERT INTO SM_MENU (ID, NAME, CODE, URL, LEVEL, IS_LEAF, TRIGGER_ID, SHOW_LOCATION_ID, OPEN_TYPE, `ORDER`, PARENT_MENU_ID, CREATED_TIME, CREATOR_ID, MODIFIER_ID)
VALUES (105, "角色管理", "0105", "/system/role/toQueryPage.do", 2, 1, 10501, 01020202, 01020101, 100500, 1, current_date, 1, 1);
INSERT INTO SM_MENU (ID, NAME, CODE, URL, LEVEL, IS_LEAF, TRIGGER_ID, SHOW_LOCATION_ID, OPEN_TYPE, `ORDER`, PARENT_MENU_ID, CREATED_TIME, CREATOR_ID, MODIFIER_ID)
VALUES (106, "功能管理", "0106", "/system/function/toQueryPage.do", 2, 1, 10601, 01020202, 01020101, 100600, 1, current_date, 1, 1);
INSERT INTO SM_MENU (ID, NAME, CODE, URL, LEVEL, IS_LEAF, TRIGGER_ID, SHOW_LOCATION_ID, OPEN_TYPE, `ORDER`, PARENT_MENU_ID, CREATED_TIME, CREATOR_ID, MODIFIER_ID)
VALUES (107, "组件管理", "0107", "/system/component/toQueryPage.do", 2, 1, 10701, 01020202, 01020101, 100700, 1, current_date, 1, 1);

INSERT INTO SM_MENU (ID, NAME, CODE, URL, LEVEL, IS_LEAF, TRIGGER_ID, SHOW_LOCATION_ID, OPEN_TYPE, `ORDER`, PARENT_MENU_ID, CREATED_TIME, CREATOR_ID, MODIFIER_ID)
VALUES (10, "设置", "1000", "/system/toViewPage.do", 1, 1, 1001, 01020201, 01020101, 110000, NULL, current_date, 1, 1);

INSERT INTO SM_MENU (ID, NAME, CODE, URL, LEVEL, IS_LEAF, TRIGGER_ID, SHOW_LOCATION_ID, OPEN_TYPE, `ORDER`, PARENT_MENU_ID, CREATED_TIME, CREATOR_ID, MODIFIER_ID)
VALUES (2, "工作台", "0200", "/workbanch/toViewPage.do", 1, 1, 20001, 01020202, 01020101, 20000, NULL, current_date, 1, 1);
INSERT INTO SM_MENU (ID, NAME, CODE, URL, LEVEL, IS_LEAF, TRIGGER_ID, SHOW_LOCATION_ID, OPEN_TYPE, `ORDER`, PARENT_MENU_ID, CREATED_TIME, CREATOR_ID, MODIFIER_ID)
VALUES (3, "市场营销", "0300", NULL, 1, 0, NULL, 01020202, 01020101, 30000, NULL, current_date, 1, 1);
INSERT INTO SM_MENU (ID, NAME, CODE, URL, LEVEL, IS_LEAF, TRIGGER_ID, SHOW_LOCATION_ID, OPEN_TYPE, `ORDER`, PARENT_MENU_ID, CREATED_TIME, CREATOR_ID, MODIFIER_ID)
VALUES (301, "市场活动", "0301", "", 2, 1, 30101, 01020202, 01020101, 30100, 3, current_date, 1, 1);
INSERT INTO SM_MENU (ID, NAME, CODE, URL, LEVEL, IS_LEAF, TRIGGER_ID, SHOW_LOCATION_ID, OPEN_TYPE, `ORDER`, PARENT_MENU_ID, CREATED_TIME, CREATOR_ID, MODIFIER_ID)
VALUES (4, "客户管理", "0400", NULL, 1, 0, NULL, 01020202, 01020101, 40000, NULL, current_date, 1, 1);
INSERT INTO SM_MENU (ID, NAME, CODE, URL, LEVEL, IS_LEAF, TRIGGER_ID, SHOW_LOCATION_ID, OPEN_TYPE, `ORDER`, PARENT_MENU_ID, CREATED_TIME, CREATOR_ID, MODIFIER_ID)
VALUES (401, "线索", "0401", "/customer/lead/toQueryPage.do", 2, 1, 40101, 01020202, 01020101, 40100, 4, current_date, 1, 1);
INSERT INTO SM_MENU (ID, NAME, CODE, URL, LEVEL, IS_LEAF, TRIGGER_ID, SHOW_LOCATION_ID, OPEN_TYPE, `ORDER`, PARENT_MENU_ID, CREATED_TIME, CREATOR_ID, MODIFIER_ID)
VALUES (402, "联系人", "0402", "/customer/contact/toQueryPage.do", 2, 1, 40201, 01020202, 01020101, 40200, 4, current_date, 1, 1);
INSERT INTO SM_MENU (ID, NAME, CODE, URL, LEVEL, IS_LEAF, TRIGGER_ID, SHOW_LOCATION_ID, OPEN_TYPE, `ORDER`, PARENT_MENU_ID, CREATED_TIME, CREATOR_ID, MODIFIER_ID)
VALUES (403, "客户", "0403", "/customer/customer/toQueryPage.do", 2, 1, 40201, 01020202, 01020101, 40300, 4, current_date, 1, 1);
INSERT INTO SM_MENU (ID, NAME, CODE, URL, LEVEL, IS_LEAF, TRIGGER_ID, SHOW_LOCATION_ID, OPEN_TYPE, `ORDER`, PARENT_MENU_ID, CREATED_TIME, CREATOR_ID, MODIFIER_ID)
VALUES (5, "项目管理", "0500", NULL, 1, 0, NULL, 01020202, 01020101, 50000, NULL, current_date, 1, 1);
INSERT INTO SM_MENU (ID, NAME, CODE, URL, LEVEL, IS_LEAF, TRIGGER_ID, SHOW_LOCATION_ID, OPEN_TYPE, `ORDER`, PARENT_MENU_ID, CREATED_TIME, CREATOR_ID, MODIFIER_ID)
VALUES (501, "供应商", "0501", "/project/supplier/toQueryPage.do", 2, 1, 50101, 01020202, 01020101, 50100, 5, current_date, 1, 1);
INSERT INTO SM_MENU (ID, NAME, CODE, URL, LEVEL, IS_LEAF, TRIGGER_ID, SHOW_LOCATION_ID, OPEN_TYPE, `ORDER`, PARENT_MENU_ID, CREATED_TIME, CREATOR_ID, MODIFIER_ID)
VALUES (502, "项目", "0502", NULL, 2, 1, 50201, 01020202, 01020101, 50200, 5, current_date, 1, 1);
INSERT INTO SM_MENU (ID, NAME, CODE, URL, LEVEL, IS_LEAF, TRIGGER_ID, SHOW_LOCATION_ID, OPEN_TYPE, `ORDER`, PARENT_MENU_ID, CREATED_TIME, CREATOR_ID, MODIFIER_ID)
VALUES (503, "基金", "0503", NULL, 2, 1, 50201, 01020202, 01020101, 50300, 5, current_date, 1, 1);
INSERT INTO SM_MENU (ID, NAME, CODE, URL, LEVEL, IS_LEAF, TRIGGER_ID, SHOW_LOCATION_ID, OPEN_TYPE, `ORDER`, PARENT_MENU_ID, CREATED_TIME, CREATOR_ID, MODIFIER_ID)
VALUES (6, "订单管理", "0600", NULL, 1, 0, NULL, 01020202, 01020101, 60000, NULL, current_date, 1, 1);
INSERT INTO SM_MENU (ID, NAME, CODE, URL, LEVEL, IS_LEAF, TRIGGER_ID, SHOW_LOCATION_ID, OPEN_TYPE, `ORDER`, PARENT_MENU_ID, CREATED_TIME, CREATOR_ID, MODIFIER_ID)
VALUES (601, "订单", "0601", NULL, 2, 1, 60101, 01020202, 01020101, 60100, 6, current_date, 1, 1);
INSERT INTO SM_MENU (ID, NAME, CODE, URL, LEVEL, IS_LEAF, TRIGGER_ID, SHOW_LOCATION_ID, OPEN_TYPE, `ORDER`, PARENT_MENU_ID, CREATED_TIME, CREATOR_ID, MODIFIER_ID)
VALUES (602, "合同", "0602", NULL, 2, 1, 60201, 01020202, 01020101, 60200, 6, current_date, 1, 1);
INSERT INTO SM_MENU (ID, NAME, CODE, URL, LEVEL, IS_LEAF, TRIGGER_ID, SHOW_LOCATION_ID, OPEN_TYPE, `ORDER`, PARENT_MENU_ID, CREATED_TIME, CREATOR_ID, MODIFIER_ID)
VALUES (7, "财务管理", "0700", NULL, 1, 0, NULL, 01020202, 01020101, 70000, NULL, current_date, 1, 1);
INSERT INTO SM_MENU (ID, NAME, CODE, URL, LEVEL, IS_LEAF, TRIGGER_ID, SHOW_LOCATION_ID, OPEN_TYPE, `ORDER`, PARENT_MENU_ID, CREATED_TIME, CREATOR_ID, MODIFIER_ID)
VALUES (701, "财务审批", "0701", NULL, 2, 1, 70101, 01020202, 01020101, 70100, 7, current_date, 1, 1);
INSERT INTO SM_MENU (ID, NAME, CODE, URL, LEVEL, IS_LEAF, TRIGGER_ID, SHOW_LOCATION_ID, OPEN_TYPE, `ORDER`, PARENT_MENU_ID, CREATED_TIME, CREATOR_ID, MODIFIER_ID)
VALUES (702, "财务款项", "0702", NULL, 2, 1, 70201, 01020202, 01020101, 70200, 7, current_date, 1, 1);
INSERT INTO SM_MENU (ID, NAME, CODE, URL, LEVEL, IS_LEAF, TRIGGER_ID, SHOW_LOCATION_ID, OPEN_TYPE, `ORDER`, PARENT_MENU_ID, CREATED_TIME, CREATOR_ID, MODIFIER_ID)
VALUES (8, "销售管理", "0800", NULL, 1, 0, NULL, 01020202, 01020101, 80000, NULL, current_date, 1, 1);
INSERT INTO SM_MENU (ID, NAME, CODE, URL, LEVEL, IS_LEAF, TRIGGER_ID, SHOW_LOCATION_ID, OPEN_TYPE, `ORDER`, PARENT_MENU_ID, CREATED_TIME, CREATOR_ID, MODIFIER_ID)
VALUES (801, "销售目标", "0801", NULL, 2, 1, 80101, 01020202, 01020101, 80100, 8, current_date, 1, 1);
INSERT INTO SM_MENU (ID, NAME, CODE, URL, LEVEL, IS_LEAF, TRIGGER_ID, SHOW_LOCATION_ID, OPEN_TYPE, `ORDER`, PARENT_MENU_ID, CREATED_TIME, CREATOR_ID, MODIFIER_ID)
VALUES (9, "报表管理", "0900", NULL, 1, 1, NULL, 01020202, 01020101, 90000, NULL, current_date, 1, 1);

DELETE FROM SM_FUNCTION;
INSERT INTO SM_FUNCTION (ID, CODE, NAME, URL, PRIVILEGE_LEVEL_ID, MENU_ID, CREATED_TIME, CREATOR_ID, MODIFIER_ID)
VALUES (1001, "010001", "查看", "/system/toViewPage.do", 01060103, 10, current_date, 1, 1);

INSERT INTO SM_FUNCTION (ID, CODE, NAME, URL, PRIVILEGE_LEVEL_ID, MENU_ID, CREATED_TIME, CREATOR_ID, MODIFIER_ID)
VALUES (1, "000001", "查询", "/query.do", 01060103, NULL, current_date, 1, 1);
INSERT INTO SM_FUNCTION (ID, CODE, NAME, URL, PRIVILEGE_LEVEL_ID, MENU_ID, CREATED_TIME, CREATOR_ID, MODIFIER_ID)
VALUES (2, "000002", "新增", "/add.do", 01060103, NULL, current_date, 1, 1);
INSERT INTO SM_FUNCTION (ID, CODE, NAME, URL, PRIVILEGE_LEVEL_ID, MENU_ID, CREATED_TIME, CREATOR_ID, MODIFIER_ID)
VALUES (3, "000003", "查看", "/view.do", 01060103, NULL, current_date, 1, 1);
INSERT INTO SM_FUNCTION (ID, CODE, NAME, URL, PRIVILEGE_LEVEL_ID, MENU_ID, CREATED_TIME, CREATOR_ID, MODIFIER_ID)
VALUES (4, "000004", "修改", "/modify.do", 01060103, NULL, current_date, 1, 1);
INSERT INTO SM_FUNCTION (ID, CODE, NAME, URL, PRIVILEGE_LEVEL_ID, MENU_ID, CREATED_TIME, CREATOR_ID, MODIFIER_ID)
VALUES (5, "000005", "删除", "/delete.do", 01060103, NULL, current_date, 1, 1);

INSERT INTO SM_FUNCTION (ID, CODE, NAME, URL, PRIVILEGE_LEVEL_ID, MENU_ID, CREATED_TIME, CREATOR_ID, MODIFIER_ID)
VALUES (10101, "010101", "查询", "/system/dictionary/query.do", 01060103, 101, current_date, 1, 1);
INSERT INTO SM_FUNCTION (ID, CODE, NAME, URL, PRIVILEGE_LEVEL_ID, MENU_ID, CREATED_TIME, CREATOR_ID, MODIFIER_ID)
VALUES (10102, "010102", "新增", "/system/dictionary/add.do", 01060103, 101, current_date, 1, 1);
INSERT INTO SM_FUNCTION (ID, CODE, NAME, URL, PRIVILEGE_LEVEL_ID, MENU_ID, CREATED_TIME, CREATOR_ID, MODIFIER_ID)
VALUES (10103, "010103", "查看", "/system/dictionary/view.do", 01060103, 101, current_date, 1, 1);
INSERT INTO SM_FUNCTION (ID, CODE, NAME, URL, PRIVILEGE_LEVEL_ID, MENU_ID, CREATED_TIME, CREATOR_ID, MODIFIER_ID)
VALUES (10104, "010104", "修改", "/system/dictionary/modify.do", 01060103, 101, current_date, 1, 1);
INSERT INTO SM_FUNCTION (ID, CODE, NAME, URL, PRIVILEGE_LEVEL_ID, MENU_ID, CREATED_TIME, CREATOR_ID, MODIFIER_ID)
VALUES (10105, "010105", "删除", "/system/dictionary/delete.do", 01060103, 101, current_date, 1, 1);

INSERT INTO SM_FUNCTION (ID, CODE, NAME, URL, PRIVILEGE_LEVEL_ID, MENU_ID, CREATED_TIME, CREATOR_ID, MODIFIER_ID)
VALUES (10201, "010201", "查询", "/system/organization/query.do", 01060103, 102, current_date, 1, 1);
INSERT INTO SM_FUNCTION (ID, CODE, NAME, URL, PRIVILEGE_LEVEL_ID, MENU_ID, CREATED_TIME, CREATOR_ID, MODIFIER_ID)
VALUES (10202, "010202", "新增", "/system/organization/add.do", 01060103, 102, current_date, 1, 1);
INSERT INTO SM_FUNCTION (ID, CODE, NAME, URL, PRIVILEGE_LEVEL_ID, MENU_ID, CREATED_TIME, CREATOR_ID, MODIFIER_ID)
VALUES (10203, "010203", "查看", "/system/organization/view.do", 01060103, 102, current_date, 1, 1);
INSERT INTO SM_FUNCTION (ID, CODE, NAME, URL, PRIVILEGE_LEVEL_ID, MENU_ID, CREATED_TIME, CREATOR_ID, MODIFIER_ID)
VALUES (10204, "010204", "修改", "/system/organization/modify.do", 01060103, 102, current_date, 1, 1);
INSERT INTO SM_FUNCTION (ID, CODE, NAME, URL, PRIVILEGE_LEVEL_ID, MENU_ID, CREATED_TIME, CREATOR_ID, MODIFIER_ID)
VALUES (10205, "010205", "删除", "/system/organization/delete.do", 01060103, 102, current_date, 1, 1);
INSERT INTO SM_FUNCTION (ID, CODE, NAME, URL, PRIVILEGE_LEVEL_ID, MENU_ID, CREATED_TIME, CREATOR_ID, MODIFIER_ID)
VALUES (10206, "010206", "授权", "/system/organization/authorization.do", 01060103, 102, current_date, 1, 1);
INSERT INTO SM_FUNCTION (ID, CODE, NAME, URL, PRIVILEGE_LEVEL_ID, MENU_ID, CREATED_TIME, CREATOR_ID, MODIFIER_ID)
VALUES (10207, "010207", "移动", "/system/organization/move.doself", 01060103, 102, current_date, 1, 1);

INSERT INTO SM_FUNCTION (ID, CODE, NAME, URL, PRIVILEGE_LEVEL_ID, MENU_ID, CREATED_TIME, CREATOR_ID, MODIFIER_ID)
VALUES (10301, "010301", "查询", "/system/menu/query.do", 01060103, 103, current_date, 1, 1);
INSERT INTO SM_FUNCTION (ID, CODE, NAME, URL, PRIVILEGE_LEVEL_ID, MENU_ID, CREATED_TIME, CREATOR_ID, MODIFIER_ID)
VALUES (10302, "010302", "新增", "/system/menu/add.do", 01060103, 103, current_date, 1, 1);
INSERT INTO SM_FUNCTION (ID, CODE, NAME, URL, PRIVILEGE_LEVEL_ID, MENU_ID, CREATED_TIME, CREATOR_ID, MODIFIER_ID)
VALUES (10303, "010303", "查看", "/system/menu/view.doself", 01060103, 103, current_date, 1, 1);
INSERT INTO SM_FUNCTION (ID, CODE, NAME, URL, PRIVILEGE_LEVEL_ID, MENU_ID, CREATED_TIME, CREATOR_ID, MODIFIER_ID)
VALUES (10304, "010304", "修改", "/system/menu/modify.do", 01060103, 103, current_date, 1, 1);
INSERT INTO SM_FUNCTION (ID, CODE, NAME, URL, PRIVILEGE_LEVEL_ID, MENU_ID, CREATED_TIME, CREATOR_ID, MODIFIER_ID)
VALUES (10305, "010305", "删除", "/system/menu/delete.do", 01060103, 103, current_date, 1, 1);
INSERT INTO SM_FUNCTION (ID, CODE, NAME, URL, PRIVILEGE_LEVEL_ID, MENU_ID, CREATED_TIME, CREATOR_ID, MODIFIER_ID)
VALUES (10306, "010306", "首页", "/system/menu/index.do", 01060103, 103, current_date, 1, 1);

INSERT INTO SM_FUNCTION (ID, CODE, NAME, URL, PRIVILEGE_LEVEL_ID, MENU_ID, CREATED_TIME, CREATOR_ID, MODIFIER_ID)
VALUES (10401, "010401", "查询", "/system/user/query.do", 01060103, 104, current_date, 1, 1);
INSERT INTO SM_FUNCTION (ID, CODE, NAME, URL, PRIVILEGE_LEVEL_ID, MENU_ID, CREATED_TIME, CREATOR_ID, MODIFIER_ID)
VALUES (10402, "010402", "新增", "/system/user/add.do", 01060103, 104, current_date, 1, 1);
INSERT INTO SM_FUNCTION (ID, CODE, NAME, URL, PRIVILEGE_LEVEL_ID, MENU_ID, CREATED_TIME, CREATOR_ID, MODIFIER_ID)
VALUES (10403, "010403", "查看", "/system/user/view.do", 01060103, 104, current_date, 1, 1);
INSERT INTO SM_FUNCTION (ID, CODE, NAME, URL, PRIVILEGE_LEVEL_ID, MENU_ID, CREATED_TIME, CREATOR_ID, MODIFIER_ID)
VALUES (10404, "010404", "修改", "/system/user/modify.do", 01060103, 104, current_date, 1, 1);
INSERT INTO SM_FUNCTION (ID, CODE, NAME, URL, PRIVILEGE_LEVEL_ID, MENU_ID, CREATED_TIME, CREATOR_ID, MODIFIER_ID)
VALUES (10405, "010405", "删除", "/system/user/delete.do", 01060103, 104, current_date, 1, 1);
INSERT INTO SM_FUNCTION (ID, CODE, NAME, URL, PRIVILEGE_LEVEL_ID, MENU_ID, CREATED_TIME, CREATOR_ID, MODIFIER_ID)
VALUES (10406, "010406", "授权", "/system/user/authorization.do", 01060103, 104, current_date, 1, 1);

INSERT INTO SM_FUNCTION (ID, CODE, NAME, URL, PRIVILEGE_LEVEL_ID, MENU_ID, CREATED_TIME, CREATOR_ID, MODIFIER_ID)
VALUES (10501, "010501", "查询", "/system/role/query.do", 01060103, 105, current_date, 1, 1);
INSERT INTO SM_FUNCTION (ID, CODE, NAME, URL, PRIVILEGE_LEVEL_ID, MENU_ID, CREATED_TIME, CREATOR_ID, MODIFIER_ID)
VALUES (10502, "010502", "新增", "/system/role/add.do", 01060103, 105, current_date, 1, 1);
INSERT INTO SM_FUNCTION (ID, CODE, NAME, URL, PRIVILEGE_LEVEL_ID, MENU_ID, CREATED_TIME, CREATOR_ID, MODIFIER_ID)
VALUES (10503, "010503", "查看", "/system/role/view.do", 01060103, 105, current_date, 1, 1);
INSERT INTO SM_FUNCTION (ID, CODE, NAME, URL, PRIVILEGE_LEVEL_ID, MENU_ID, CREATED_TIME, CREATOR_ID, MODIFIER_ID)
VALUES (10504, "010504", "修改", "/system/role/modify.do", 01060103, 105, current_date, 1, 1);
INSERT INTO SM_FUNCTION (ID, CODE, NAME, URL, PRIVILEGE_LEVEL_ID, MENU_ID, CREATED_TIME, CREATOR_ID, MODIFIER_ID)
VALUES (10505, "010505", "删除", "/system/role/delete.do", 01060103, 105, current_date, 1, 1);
INSERT INTO SM_FUNCTION (ID, CODE, NAME, URL, PRIVILEGE_LEVEL_ID, MENU_ID, CREATED_TIME, CREATOR_ID, MODIFIER_ID)
VALUES (10506, "010506", "授权", "/system/role/authorization.do", 01060103, 105, current_date, 1, 1);

INSERT INTO SM_FUNCTION (ID, CODE, NAME, URL, PRIVILEGE_LEVEL_ID, MENU_ID, CREATED_TIME, CREATOR_ID, MODIFIER_ID)
VALUES (10601, "010601", "查询", "/system/function/query.do", 01060103, 106, current_date, 1, 1);
INSERT INTO SM_FUNCTION (ID, CODE, NAME, URL, PRIVILEGE_LEVEL_ID, MENU_ID, CREATED_TIME, CREATOR_ID, MODIFIER_ID)
VALUES (10602, "010602", "新增", "/system/function/add.do", 01060103, 106, current_date, 1, 1);
INSERT INTO SM_FUNCTION (ID, CODE, NAME, URL, PRIVILEGE_LEVEL_ID, MENU_ID, CREATED_TIME, CREATOR_ID, MODIFIER_ID)
VALUES (10603, "010603", "查看", "/system/function/view.do", 01060103, 106, current_date, 1, 1);
INSERT INTO SM_FUNCTION (ID, CODE, NAME, URL, PRIVILEGE_LEVEL_ID, MENU_ID, CREATED_TIME, CREATOR_ID, MODIFIER_ID)
VALUES (10604, "010604", "修改", "/system/function/modify.do", 01060103, 106, current_date, 1, 1);
INSERT INTO SM_FUNCTION (ID, CODE, NAME, URL, PRIVILEGE_LEVEL_ID, MENU_ID, CREATED_TIME, CREATOR_ID, MODIFIER_ID)
VALUES (10605, "010605", "删除", "/system/function/delete.do", 01060103, 106, current_date, 1, 1);
INSERT INTO SM_FUNCTION (ID, CODE, NAME, URL, PRIVILEGE_LEVEL_ID, MENU_ID, CREATED_TIME, CREATOR_ID, MODIFIER_ID)
VALUES (10606, "010606", "首页", "/system/function/index.do", 01060103, 106, current_date, 1, 1);

INSERT INTO SM_FUNCTION (ID, CODE, NAME, URL, PRIVILEGE_LEVEL_ID, MENU_ID, CREATED_TIME, CREATOR_ID, MODIFIER_ID)
VALUES (10701, "010701", "查询", "/system/component/query.do", 01060103, 107, current_date, 1, 1);
INSERT INTO SM_FUNCTION (ID, CODE, NAME, URL, PRIVILEGE_LEVEL_ID, MENU_ID, CREATED_TIME, CREATOR_ID, MODIFIER_ID)
VALUES (10702, "010702", "新增", "/system/component/add.do", 01060103, 107, current_date, 1, 1);
INSERT INTO SM_FUNCTION (ID, CODE, NAME, URL, PRIVILEGE_LEVEL_ID, MENU_ID, CREATED_TIME, CREATOR_ID, MODIFIER_ID)
VALUES (10703, "010703", "查看", "/system/component/view.do", 01060103, 107, current_date, 1, 1);
INSERT INTO SM_FUNCTION (ID, CODE, NAME, URL, PRIVILEGE_LEVEL_ID, MENU_ID, CREATED_TIME, CREATOR_ID, MODIFIER_ID)
VALUES (10704, "010704", "修改", "/system/component/modify.do", 01060103, 107, current_date, 1, 1);
INSERT INTO SM_FUNCTION (ID, CODE, NAME, URL, PRIVILEGE_LEVEL_ID, MENU_ID, CREATED_TIME, CREATOR_ID, MODIFIER_ID)
VALUES (10705, "010705", "删除", "/system/component/delete.do", 01060103, 107, current_date, 1, 1);
INSERT INTO SM_FUNCTION (ID, CODE, NAME, URL, PRIVILEGE_LEVEL_ID, MENU_ID, CREATED_TIME, CREATOR_ID, MODIFIER_ID)
VALUES (10706, "010706", "首页", "/system/component/index.do", 01060103, 107, current_date, 1, 1);

INSERT INTO SM_FUNCTION (ID, CODE, NAME, URL, PRIVILEGE_LEVEL_ID, MENU_ID, CREATED_TIME, CREATOR_ID, MODIFIER_ID)
VALUES (20001, "020001", "查看", "/workbanch/view.do", 01060103, 2, current_date, 1, 1);

INSERT INTO SM_FUNCTION (ID, CODE, NAME, URL, PRIVILEGE_LEVEL_ID, MENU_ID, CREATED_TIME, CREATOR_ID, MODIFIER_ID)
VALUES (30101, "030101", "查询", "/contact/lead/query.do", 01060103, 301, current_date, 1, 1);
INSERT INTO SM_FUNCTION (ID, CODE, NAME, URL, PRIVILEGE_LEVEL_ID, MENU_ID, CREATED_TIME, CREATOR_ID, MODIFIER_ID)
VALUES (30102, "030102", "新增", "/contact/lead/add.do", 01060103, 301, current_date, 1, 1);
INSERT INTO SM_FUNCTION (ID, CODE, NAME, URL, PRIVILEGE_LEVEL_ID, MENU_ID, CREATED_TIME, CREATOR_ID, MODIFIER_ID)
VALUES (30103, "030103", "查看", "/contact/lead/view.do", 01060103, 301, current_date, 1, 1);
INSERT INTO SM_FUNCTION (ID, CODE, NAME, URL, PRIVILEGE_LEVEL_ID, MENU_ID, CREATED_TIME, CREATOR_ID, MODIFIER_ID)
VALUES (30104, "030104", "修改", "/contact/lead/modify.do", 01060103, 301, current_date, 1, 1);
INSERT INTO SM_FUNCTION (ID, CODE, NAME, URL, PRIVILEGE_LEVEL_ID, MENU_ID, CREATED_TIME, CREATOR_ID, MODIFIER_ID)
VALUES (30105, "030105", "删除", "/contact/lead/delete.do", 01060103, 301, current_date, 1, 1);
INSERT INTO SM_FUNCTION (ID, CODE, NAME, URL, PRIVILEGE_LEVEL_ID, MENU_ID, CREATED_TIME, CREATOR_ID, MODIFIER_ID)
VALUES (40101, "040101", "查询", "/customer/lead/query.do", 01060103, 401, current_date, 1, 1);
INSERT INTO SM_FUNCTION (ID, CODE, NAME, URL, PRIVILEGE_LEVEL_ID, MENU_ID, CREATED_TIME, CREATOR_ID, MODIFIER_ID)
VALUES (40102, "040102", "新增", "/customer/lead/add.do", 01060103, 401, current_date, 1, 1);
INSERT INTO SM_FUNCTION (ID, CODE, NAME, URL, PRIVILEGE_LEVEL_ID, MENU_ID, CREATED_TIME, CREATOR_ID, MODIFIER_ID)
VALUES (40103, "040103", "查看", "/customer/lead/view.do", 01060103, 401, current_date, 1, 1);
INSERT INTO SM_FUNCTION (ID, CODE, NAME, URL, PRIVILEGE_LEVEL_ID, MENU_ID, CREATED_TIME, CREATOR_ID, MODIFIER_ID)
VALUES (40104, "040104", "修改", "/customer/lead/modify.do", 01060103, 401, current_date, 1, 1);
INSERT INTO SM_FUNCTION (ID, CODE, NAME, URL, PRIVILEGE_LEVEL_ID, MENU_ID, CREATED_TIME, CREATOR_ID, MODIFIER_ID)
VALUES (40105, "040105", "删除", "/customer/lead/delete.do", 01060103, 401, current_date, 1, 1);
INSERT INTO SM_FUNCTION (ID, CODE, NAME, URL, PRIVILEGE_LEVEL_ID, MENU_ID, CREATED_TIME, CREATOR_ID, MODIFIER_ID)
VALUES (40201, "040201", "查询", "/customer/contact/query.do", 01060103, 402, current_date, 1, 1);
INSERT INTO SM_FUNCTION (ID, CODE, NAME, URL, PRIVILEGE_LEVEL_ID, MENU_ID, CREATED_TIME, CREATOR_ID, MODIFIER_ID)
VALUES (40202, "040202", "新增", "/customer/contact/add.do", 01060103, 402, current_date, 1, 1);
INSERT INTO SM_FUNCTION (ID, CODE, NAME, URL, PRIVILEGE_LEVEL_ID, MENU_ID, CREATED_TIME, CREATOR_ID, MODIFIER_ID)
VALUES (40203, "040203", "查看", "/customer/contact/view.do", 01060103, 402, current_date, 1, 1);
INSERT INTO SM_FUNCTION (ID, CODE, NAME, URL, PRIVILEGE_LEVEL_ID, MENU_ID, CREATED_TIME, CREATOR_ID, MODIFIER_ID)
VALUES (40204, "040204", "修改", "/customer/contact/modify.do", 01060103, 402, current_date, 1, 1);
INSERT INTO SM_FUNCTION (ID, CODE, NAME, URL, PRIVILEGE_LEVEL_ID, MENU_ID, CREATED_TIME, CREATOR_ID, MODIFIER_ID)
VALUES (40205, "040205", "删除", "/customer/contact/delete.do", 01060103, 402, current_date, 1, 1);
INSERT INTO SM_FUNCTION (ID, CODE, NAME, URL, PRIVILEGE_LEVEL_ID, MENU_ID, CREATED_TIME, CREATOR_ID, MODIFIER_ID)
VALUES (40301, "040301", "查询", "/customer/customer/query.do", 01060103, 403, current_date, 1, 1);
INSERT INTO SM_FUNCTION (ID, CODE, NAME, URL, PRIVILEGE_LEVEL_ID, MENU_ID, CREATED_TIME, CREATOR_ID, MODIFIER_ID)
VALUES (40302, "040302", "新增", "/customer/customer/add.do", 01060103, 403, current_date, 1, 1);
INSERT INTO SM_FUNCTION (ID, CODE, NAME, URL, PRIVILEGE_LEVEL_ID, MENU_ID, CREATED_TIME, CREATOR_ID, MODIFIER_ID)
VALUES (40303, "040303", "查看", "/customer/customer/view.do", 01060103, 403, current_date, 1, 1);
INSERT INTO SM_FUNCTION (ID, CODE, NAME, URL, PRIVILEGE_LEVEL_ID, MENU_ID, CREATED_TIME, CREATOR_ID, MODIFIER_ID)
VALUES (40304, "040304", "修改", "/customer/customer/modify.do", 01060103, 403, current_date, 1, 1);
INSERT INTO SM_FUNCTION (ID, CODE, NAME, URL, PRIVILEGE_LEVEL_ID, MENU_ID, CREATED_TIME, CREATOR_ID, MODIFIER_ID)
VALUES (40305, "040305", "删除", "/customer/customer/delete.do", 01060103, 403, current_date, 1, 1);
INSERT INTO SM_FUNCTION (ID, CODE, NAME, URL, PRIVILEGE_LEVEL_ID, MENU_ID, CREATED_TIME, CREATOR_ID, MODIFIER_ID)
VALUES (50101, "050101", "查询", "/project/supplier/query.do", 01060103, 501, current_date, 1, 1);
INSERT INTO SM_FUNCTION (ID, CODE, NAME, URL, PRIVILEGE_LEVEL_ID, MENU_ID, CREATED_TIME, CREATOR_ID, MODIFIER_ID)
VALUES (50102, "050102", "新增", "/project/supplier/add.do", 01060103, 501, current_date, 1, 1);
INSERT INTO SM_FUNCTION (ID, CODE, NAME, URL, PRIVILEGE_LEVEL_ID, MENU_ID, CREATED_TIME, CREATOR_ID, MODIFIER_ID)
VALUES (50103, "050103", "查看", "/project/supplier/view.do", 01060103, 501, current_date, 1, 1);
INSERT INTO SM_FUNCTION (ID, CODE, NAME, URL, PRIVILEGE_LEVEL_ID, MENU_ID, CREATED_TIME, CREATOR_ID, MODIFIER_ID)
VALUES (50104, "050104", "修改", "/project/supplier/modify.do", 01060103, 501, current_date, 1, 1);
INSERT INTO SM_FUNCTION (ID, CODE, NAME, URL, PRIVILEGE_LEVEL_ID, MENU_ID, CREATED_TIME, CREATOR_ID, MODIFIER_ID)
VALUES (50105, "050105", "删除", "/project/supplier/delete.do", 01060103, 501, current_date, 1, 1);
INSERT INTO sm_function (ID, MENU_ID, CODE, NAME, URL, REMARK, CREATOR_ID, CREATED_TIME, MODIFIER_ID, MODIFIED_TIME, PRIVILEGE_LEVEL_ID)
VALUES (50106, 501, '050106', '附件查询', '/supplier/attachment/query.do', '', 1, '2014-05-26 13:36:42.0', 1, '2014-05-26 15:30:03.0', 1060103);
INSERT INTO sm_function (ID, MENU_ID, CODE, NAME, URL, REMARK, CREATOR_ID, CREATED_TIME, MODIFIER_ID, MODIFIED_TIME, PRIVILEGE_LEVEL_ID)
VALUES (50108, 501, '050108', '附件查看', '/supplier/attachment/view.comp', '', 1, '2014-05-26 15:31:23.0', 1, '2014-05-26 15:34:49.0', 1060103);
INSERT INTO sm_function (ID, MENU_ID, CODE, NAME, URL, REMARK, CREATOR_ID, CREATED_TIME, MODIFIER_ID, MODIFIED_TIME, PRIVILEGE_LEVEL_ID)
VALUES (50109, 501, '050109', '附件下载', '/supplier/attachment/download.do', '', 1, '2014-05-26 15:32:09.0', 1, '2014-05-26 16:37:56.0', 1060103);
INSERT INTO SM_FUNCTION (ID, CODE, NAME, URL, PRIVILEGE_LEVEL_ID, MENU_ID, CREATED_TIME, CREATOR_ID, MODIFIER_ID)
VALUES (50201, "050201", "查询", "/customer1/lead/query.do", 01060103, 502, current_date, 1, 1);
INSERT INTO SM_FUNCTION (ID, CODE, NAME, URL, PRIVILEGE_LEVEL_ID, MENU_ID, CREATED_TIME, CREATOR_ID, MODIFIER_ID)
VALUES (50202, "050202", "新增", "/customer1/lead/add.do", 01060103, 502, current_date, 1, 1);
INSERT INTO SM_FUNCTION (ID, CODE, NAME, URL, PRIVILEGE_LEVEL_ID, MENU_ID, CREATED_TIME, CREATOR_ID, MODIFIER_ID)
VALUES (50203, "050203", "查看", "/customer1/lead/view.do", 01060103, 502, current_date, 1, 1);
INSERT INTO SM_FUNCTION (ID, CODE, NAME, URL, PRIVILEGE_LEVEL_ID, MENU_ID, CREATED_TIME, CREATOR_ID, MODIFIER_ID)
VALUES (50204, "050204", "修改", "/customer1/lead/modify.do", 01060103, 502, current_date, 1, 1);
INSERT INTO SM_FUNCTION (ID, CODE, NAME, URL, PRIVILEGE_LEVEL_ID, MENU_ID, CREATED_TIME, CREATOR_ID, MODIFIER_ID)
VALUES (50205, "050205", "删除", "/customer1/lead/delete.do", 01060103, 502, current_date, 1, 1);
INSERT INTO SM_FUNCTION (ID, CODE, NAME, URL, PRIVILEGE_LEVEL_ID, MENU_ID, CREATED_TIME, CREATOR_ID, MODIFIER_ID)
VALUES (50301, "050301", "查询", "/customer1/lead/query.do", 01060103, 503, current_date, 1, 1);
INSERT INTO SM_FUNCTION (ID, CODE, NAME, URL, PRIVILEGE_LEVEL_ID, MENU_ID, CREATED_TIME, CREATOR_ID, MODIFIER_ID)
VALUES (50302, "050302", "新增", "/customer1/lead/add.do", 01060103, 503, current_date, 1, 1);
INSERT INTO SM_FUNCTION (ID, CODE, NAME, URL, PRIVILEGE_LEVEL_ID, MENU_ID, CREATED_TIME, CREATOR_ID, MODIFIER_ID)
VALUES (50303, "050303", "查看", "/customer1/lead/view.do", 01060103, 503, current_date, 1, 1);
INSERT INTO SM_FUNCTION (ID, CODE, NAME, URL, PRIVILEGE_LEVEL_ID, MENU_ID, CREATED_TIME, CREATOR_ID, MODIFIER_ID)
VALUES (50304, "050304", "修改", "/customer1/lead/modify.do", 01060103, 503, current_date, 1, 1);
INSERT INTO SM_FUNCTION (ID, CODE, NAME, URL, PRIVILEGE_LEVEL_ID, MENU_ID, CREATED_TIME, CREATOR_ID, MODIFIER_ID)
VALUES (50305, "050305", "删除", "/customer1/lead/delete.do", 01060103, 503, current_date, 1, 1);

INSERT INTO SM_FUNCTION (ID, CODE, NAME, URL, PRIVILEGE_LEVEL_ID, MENU_ID, CREATED_TIME, CREATOR_ID, MODIFIER_ID)
VALUES (60101, "060101", "查询", "/customer1/lead/query.do", 01060103, 601, current_date, 1, 1);
INSERT INTO SM_FUNCTION (ID, CODE, NAME, URL, PRIVILEGE_LEVEL_ID, MENU_ID, CREATED_TIME, CREATOR_ID, MODIFIER_ID)
VALUES (60102, "060102", "新增", "/customer1/lead/add.do", 01060103, 601, current_date, 1, 1);
INSERT INTO SM_FUNCTION (ID, CODE, NAME, URL, PRIVILEGE_LEVEL_ID, MENU_ID, CREATED_TIME, CREATOR_ID, MODIFIER_ID)
VALUES (60103, "060103", "查看", "/customer1/lead/view.do", 01060103, 601, current_date, 1, 1);
INSERT INTO SM_FUNCTION (ID, CODE, NAME, URL, PRIVILEGE_LEVEL_ID, MENU_ID, CREATED_TIME, CREATOR_ID, MODIFIER_ID)
VALUES (60104, "060104", "修改", "/customer1/lead/modify.do", 01060103, 601, current_date, 1, 1);
INSERT INTO SM_FUNCTION (ID, CODE, NAME, URL, PRIVILEGE_LEVEL_ID, MENU_ID, CREATED_TIME, CREATOR_ID, MODIFIER_ID)
VALUES (60105, "060105", "删除", "/customer1/lead/delete.do", 01060103, 601, current_date, 1, 1);
INSERT INTO SM_FUNCTION (ID, CODE, NAME, URL, PRIVILEGE_LEVEL_ID, MENU_ID, CREATED_TIME, CREATOR_ID, MODIFIER_ID)
VALUES (60201, "060201", "查询", "/customer1/lead/query.do", 01060103, 602, current_date, 1, 1);
INSERT INTO SM_FUNCTION (ID, CODE, NAME, URL, PRIVILEGE_LEVEL_ID, MENU_ID, CREATED_TIME, CREATOR_ID, MODIFIER_ID)
VALUES (60202, "060202", "新增", "/customer1/lead/add.do", 01060103, 602, current_date, 1, 1);
INSERT INTO SM_FUNCTION (ID, CODE, NAME, URL, PRIVILEGE_LEVEL_ID, MENU_ID, CREATED_TIME, CREATOR_ID, MODIFIER_ID)
VALUES (60203, "060203", "查看", "/customer1/lead/view.do", 01060103, 602, current_date, 1, 1);
INSERT INTO SM_FUNCTION (ID, CODE, NAME, URL, PRIVILEGE_LEVEL_ID, MENU_ID, CREATED_TIME, CREATOR_ID, MODIFIER_ID)
VALUES (60204, "060204", "修改", "/customer1/lead/modify.do", 01060103, 602, current_date, 1, 1);
INSERT INTO SM_FUNCTION (ID, CODE, NAME, URL, PRIVILEGE_LEVEL_ID, MENU_ID, CREATED_TIME, CREATOR_ID, MODIFIER_ID)
VALUES (60205, "060205", "删除", "/customer1/lead/delete.do", 01060103, 602, current_date, 1, 1);
INSERT INTO SM_FUNCTION (ID, CODE, NAME, URL, PRIVILEGE_LEVEL_ID, MENU_ID, CREATED_TIME, CREATOR_ID, MODIFIER_ID)
VALUES (70101, "070101", "查询", "/customer1/lead/query.do", 01060103, 701, current_date, 1, 1);
INSERT INTO SM_FUNCTION (ID, CODE, NAME, URL, PRIVILEGE_LEVEL_ID, MENU_ID, CREATED_TIME, CREATOR_ID, MODIFIER_ID)
VALUES (70102, "070102", "新增", "/customer1/lead/add.do", 01060103, 701, current_date, 1, 1);
INSERT INTO SM_FUNCTION (ID, CODE, NAME, URL, PRIVILEGE_LEVEL_ID, MENU_ID, CREATED_TIME, CREATOR_ID, MODIFIER_ID)
VALUES (70103, "070103", "查看", "/customer1/lead/view.do", 01060103, 701, current_date, 1, 1);
INSERT INTO SM_FUNCTION (ID, CODE, NAME, URL, PRIVILEGE_LEVEL_ID, MENU_ID, CREATED_TIME, CREATOR_ID, MODIFIER_ID)
VALUES (70104, "070104", "修改", "/customer1/lead/modify.do", 01060103, 701, current_date, 1, 1);
INSERT INTO SM_FUNCTION (ID, CODE, NAME, URL, PRIVILEGE_LEVEL_ID, MENU_ID, CREATED_TIME, CREATOR_ID, MODIFIER_ID)
VALUES (70105, "070105", "删除", "/customer1/lead/delete.do", 01060103, 701, current_date, 1, 1);
INSERT INTO SM_FUNCTION (ID, CODE, NAME, URL, PRIVILEGE_LEVEL_ID, MENU_ID, CREATED_TIME, CREATOR_ID, MODIFIER_ID)
VALUES (70201, "070201", "查询", "/customer1/lead/query.do", 01060103, 702, current_date, 1, 1);
INSERT INTO SM_FUNCTION (ID, CODE, NAME, URL, PRIVILEGE_LEVEL_ID, MENU_ID, CREATED_TIME, CREATOR_ID, MODIFIER_ID)
VALUES (70202, "070202", "新增", "/customer1/lead/add.do", 01060103, 702, current_date, 1, 1);
INSERT INTO SM_FUNCTION (ID, CODE, NAME, URL, PRIVILEGE_LEVEL_ID, MENU_ID, CREATED_TIME, CREATOR_ID, MODIFIER_ID)
VALUES (70203, "070203", "查看", "/customer1/lead/view.do", 01060103, 702, current_date, 1, 1);
INSERT INTO SM_FUNCTION (ID, CODE, NAME, URL, PRIVILEGE_LEVEL_ID, MENU_ID, CREATED_TIME, CREATOR_ID, MODIFIER_ID)
VALUES (70204, "070204", "修改", "/customer1/lead/modify.do", 01060103, 702, current_date, 1, 1);
INSERT INTO SM_FUNCTION (ID, CODE, NAME, URL, PRIVILEGE_LEVEL_ID, MENU_ID, CREATED_TIME, CREATOR_ID, MODIFIER_ID)
VALUES (70205, "070205", "删除", "/customer1/lead/delete.do", 01060103, 702, current_date, 1, 1);
INSERT INTO SM_FUNCTION (ID, CODE, NAME, URL, PRIVILEGE_LEVEL_ID, MENU_ID, CREATED_TIME, CREATOR_ID, MODIFIER_ID)
VALUES (80101, "070101", "查询", "/customer1/lead/query.do", 01060103, 801, current_date, 1, 1);
INSERT INTO SM_FUNCTION (ID, CODE, NAME, URL, PRIVILEGE_LEVEL_ID, MENU_ID, CREATED_TIME, CREATOR_ID, MODIFIER_ID)
VALUES (80102, "070102", "新增", "/customer1/lead/add.do", 01060103, 801, current_date, 1, 1);
INSERT INTO SM_FUNCTION (ID, CODE, NAME, URL, PRIVILEGE_LEVEL_ID, MENU_ID, CREATED_TIME, CREATOR_ID, MODIFIER_ID)
VALUES (80103, "070103", "查看", "/customer1/lead/view.do", 01060103, 801, current_date, 1, 1);
INSERT INTO SM_FUNCTION (ID, CODE, NAME, URL, PRIVILEGE_LEVEL_ID, MENU_ID, CREATED_TIME, CREATOR_ID, MODIFIER_ID)
VALUES (80104, "070104", "修改", "/customer1/lead/modify.do", 01060103, 801, current_date, 1, 1);
INSERT INTO SM_FUNCTION (ID, CODE, NAME, URL, PRIVILEGE_LEVEL_ID, MENU_ID, CREATED_TIME, CREATOR_ID, MODIFIER_ID)
VALUES (80105, "070105", "删除", "/customer1/lead/delete.do", 01060103, 801, current_date, 1, 1);

DELETE FROM SM_ROLE;
INSERT INTO SM_ROLE (ID, CODE, NAME, TYPE, CREATED_TIME, CREATOR_ID, MODIFIER_ID) VALUES (1, "", "管理员", "01050101", current_date, 1, 1);
INSERT INTO SM_ROLE (ID, CODE, NAME, TYPE, CREATED_TIME, CREATOR_ID, MODIFIER_ID) VALUES (2, "", "菜单权限测试员", "01050101", current_date, 1, 1);
INSERT INTO SM_ROLE (ID, CODE, NAME, TYPE, CREATED_TIME, CREATOR_ID, MODIFIER_ID) VALUES (3, "", "组件权限测试员", "01050101", current_date, 1, 1);

DELETE FROM SM_USER_ROLE;
INSERT INTO SM_USER_ROLE (USER_ID, ROLE_ID) VALUES (1, 1);
INSERT INTO SM_USER_ROLE (USER_ID, ROLE_ID) VALUES (2, 2);
INSERT INTO SM_USER_ROLE (USER_ID, ROLE_ID) VALUES (4, 3);

DELETE FROM SM_ROLE_FUNC;
INSERT INTO SM_ROLE_FUNC (ROLE_ID, FUNC_ID) VALUES (1, 10101);
INSERT INTO SM_ROLE_FUNC (ROLE_ID, FUNC_ID) VALUES (1, 10102);
INSERT INTO SM_ROLE_FUNC (ROLE_ID, FUNC_ID) VALUES (1, 10103);
INSERT INTO SM_ROLE_FUNC (ROLE_ID, FUNC_ID) VALUES (1, 10104);
INSERT INTO SM_ROLE_FUNC (ROLE_ID, FUNC_ID) VALUES (1, 10105);
INSERT INTO SM_ROLE_FUNC (ROLE_ID, FUNC_ID) VALUES (1, 10106);

INSERT INTO SM_ROLE_FUNC (ROLE_ID, FUNC_ID) VALUES (1, 20101);
INSERT INTO SM_ROLE_FUNC (ROLE_ID, FUNC_ID) VALUES (1, 20102);
INSERT INTO SM_ROLE_FUNC (ROLE_ID, FUNC_ID) VALUES (1, 20103);
INSERT INTO SM_ROLE_FUNC (ROLE_ID, FUNC_ID) VALUES (1, 20104);
INSERT INTO SM_ROLE_FUNC (ROLE_ID, FUNC_ID) VALUES (1, 20105);
INSERT INTO SM_ROLE_FUNC (ROLE_ID, FUNC_ID) VALUES (1, 20106);


INSERT INTO SM_ROLE_FUNC (ROLE_ID, FUNC_ID) VALUES (1, 20001);
INSERT INTO SM_ROLE_FUNC (ROLE_ID, FUNC_ID) VALUES (1, 30101);
INSERT INTO SM_ROLE_FUNC (ROLE_ID, FUNC_ID) VALUES (1, 30102);
INSERT INTO SM_ROLE_FUNC (ROLE_ID, FUNC_ID) VALUES (1, 30103);
INSERT INTO SM_ROLE_FUNC (ROLE_ID, FUNC_ID) VALUES (1, 30104);
INSERT INTO SM_ROLE_FUNC (ROLE_ID, FUNC_ID) VALUES (1, 30105);

INSERT INTO SM_ROLE_FUNC (ROLE_ID, FUNC_ID) VALUES (2, 10101);
INSERT INTO SM_ROLE_FUNC (ROLE_ID, FUNC_ID) VALUES (2, 10102);
INSERT INTO SM_ROLE_FUNC (ROLE_ID, FUNC_ID) VALUES (2, 10103);
INSERT INTO SM_ROLE_FUNC (ROLE_ID, FUNC_ID) VALUES (2, 20001);
INSERT INTO SM_ROLE_FUNC (ROLE_ID, FUNC_ID) VALUES (2, 30101);
INSERT INTO SM_ROLE_FUNC (ROLE_ID, FUNC_ID) VALUES (2, 30102);
INSERT INTO SM_ROLE_FUNC (ROLE_ID, FUNC_ID) VALUES (2, 30103);
INSERT INTO SM_ROLE_FUNC (ROLE_ID, FUNC_ID) VALUES (2, 30104);
INSERT INTO SM_ROLE_FUNC (ROLE_ID, FUNC_ID) VALUES (2, 30105);


INSERT INTO SM_ROLE_FUNC (ROLE_ID, FUNC_ID) VALUES (3, 10103);
INSERT INTO SM_ROLE_FUNC (ROLE_ID, FUNC_ID) VALUES (3, 10104);
INSERT INTO SM_ROLE_FUNC (ROLE_ID, FUNC_ID) VALUES (3, 10105);

DELETE FROM sm_component;
INSERT INTO sm_component (ID, CODE, NAME, URL, REMARK, CREATOR_ID, CREATED_TIME, MODIFIER_ID, MODIFIED_TIME)
VALUES (31, 'TEST0012', '测试组件1', 'system/component/save', '请问士大夫', 1, '2014-05-07 00:00:00.0', 1, '2014-05-07 00:00:00.0');
INSERT INTO sm_component (ID, CODE, NAME, URL, REMARK, CREATOR_ID, CREATED_TIME, MODIFIER_ID, MODIFIED_TIME)
VALUES (40, 'TEST00714', 'asd', 'asdasdasd', '', 1, '2014-05-07 21:34:11.0', 1, '2014-05-07 21:34:11.0');
INSERT INTO sm_component (ID, CODE, NAME, URL, REMARK, CREATOR_ID, CREATED_TIME, MODIFIER_ID, MODIFIED_TIME)
VALUES (41, 'TEST00715', 'asd', 'asdasdasd', '', 1, '2014-05-07 21:34:11.0', 1, '2014-05-07 21:34:11.0');
INSERT INTO sm_component (ID, CODE, NAME, URL, REMARK, CREATOR_ID, CREATED_TIME, MODIFIER_ID, MODIFIED_TIME)
VALUES (42, 'TEST00716', 'asd', 'asdasdasd', '', 1, '2014-05-07 21:34:11.0', 1, '2014-05-07 21:34:11.0');
INSERT INTO sm_component (ID, CODE, NAME, URL, REMARK, CREATOR_ID, CREATED_TIME, MODIFIER_ID, MODIFIED_TIME)
VALUES (43, 'TEST00717', 'asd', 'asdasdasd', '', 1, '2014-05-07 21:34:11.0', 1, '2014-05-07 21:34:11.0');
INSERT INTO sm_component (ID, CODE, NAME, URL, REMARK, CREATOR_ID, CREATED_TIME, MODIFIER_ID, MODIFIED_TIME)
VALUES (44, 'fadfa', 'fafda', 'fafda', '', 1, '2014-05-08 00:00:00.0', 1, '2014-05-08 00:00:00.0');
INSERT INTO sm_component (ID, CODE, NAME, URL, REMARK, CREATOR_ID, CREATED_TIME, MODIFIER_ID, MODIFIED_TIME)
VALUES (45, 'aaa', 'aaa', 'aaa', 'aaa', 1, '2014-05-08 00:00:00.0', 1, '2014-05-08 00:00:00.0');
INSERT INTO sm_component (ID, CODE, NAME, URL, REMARK, CREATOR_ID, CREATED_TIME, MODIFIER_ID, MODIFIED_TIME)
VALUES (46, 'TEST1112', 'ASD', 'ASDASDASD', 'ASDASD', 1, '2014-01-01 00:00:00.0', 1, '2014-01-01 00:00:00.0');
INSERT INTO sm_component (ID, CODE, NAME, URL, REMARK, CREATOR_ID, CREATED_TIME, MODIFIER_ID, MODIFIED_TIME)
VALUES (47, 'TEST1113', 'ASD', 'ASDASDASD', 'ASDASD', 1, '2014-01-01 00:00:00.0', 1, '2014-01-01 00:00:00.0');
INSERT INTO sm_component (ID, CODE, NAME, URL, REMARK, CREATOR_ID, CREATED_TIME, MODIFIER_ID, MODIFIED_TIME)
VALUES (48, 'TEST1114', 'ASD', 'ASDASDASD', 'ASDASD', 1, '2014-01-01 00:00:00.0', 1, '2014-01-01 00:00:00.0');
INSERT INTO sm_component (ID, CODE, NAME, URL, REMARK, CREATOR_ID, CREATED_TIME, MODIFIER_ID, MODIFIED_TIME)
VALUES (49, 'TEST1115', 'ASD', 'ASDASDASD', 'ASDASD', 1, '2014-01-01 00:00:00.0', 1, '2014-01-01 00:00:00.0');
INSERT INTO sm_component (ID, CODE, NAME, URL, REMARK, CREATOR_ID, CREATED_TIME, MODIFIER_ID, MODIFIED_TIME)
VALUES (50, 'TEST1116', 'ASD', 'ASDASDASD', 'ASDASD', 1, '2014-01-01 00:00:00.0', 1, '2014-01-01 00:00:00.0');
INSERT INTO sm_component (ID, CODE, NAME, URL, REMARK, CREATOR_ID, CREATED_TIME, MODIFIER_ID, MODIFIED_TIME)
VALUES (51, 'TEST1117', 'ASD', 'ASDASDASD', 'ASDASD', 1, '2014-01-01 00:00:00.0', 1, '2014-01-01 00:00:00.0');
INSERT INTO sm_component (ID, CODE, NAME, URL, REMARK, CREATOR_ID, CREATED_TIME, MODIFIER_ID, MODIFIED_TIME)
VALUES (52, 'TEST1118', 'ASD', 'ASDASDASD', 'ASDASD', 1, '2014-01-01 00:00:00.0', 1, '2014-01-01 00:00:00.0');
INSERT INTO sm_component (ID, CODE, NAME, URL, REMARK, CREATOR_ID, CREATED_TIME, MODIFIER_ID, MODIFIED_TIME)
VALUES (53, 'TEST1119', 'ASD', 'ASDASDASD', 'ASDASD', 1, '2014-01-01 00:00:00.0', 1, '2014-01-01 00:00:00.0');
INSERT INTO sm_component (ID, CODE, NAME, URL, REMARK, CREATOR_ID, CREATED_TIME, MODIFIER_ID, MODIFIED_TIME)
VALUES (54, 'TEST11111', 'ASD', 'ASDASDASD', 'ASDASD', 1, '2014-01-01 00:00:00.0', 1, '2014-01-01 00:00:00.0');
INSERT INTO sm_component (ID, CODE, NAME, URL, REMARK, CREATOR_ID, CREATED_TIME, MODIFIER_ID, MODIFIED_TIME)
VALUES (55, 'TEST111111', 'ASD', 'ASDASDASD', 'ASDASD', 1, '2014-01-01 00:00:00.0', 1, '2014-01-01 00:00:00.0');
INSERT INTO sm_component (ID, CODE, NAME, URL, REMARK, CREATOR_ID, CREATED_TIME, MODIFIER_ID, MODIFIED_TIME)
VALUES (56, 'TEST111112', 'ASD', 'ASDASDASD', 'ASDASD', 1, '2014-01-01 00:00:00.0', 1, '2014-01-01 00:00:00.0');
INSERT INTO sm_component (ID, CODE, NAME, URL, REMARK, CREATOR_ID, CREATED_TIME, MODIFIER_ID, MODIFIED_TIME)
VALUES (57, 'TEST111114', 'ASD', 'ASDASDASD', 'ASDASD', 1, '2014-01-01 00:00:00.0', 1, '2014-01-01 00:00:00.0');
INSERT INTO sm_component (ID, CODE, NAME, URL, REMARK, CREATOR_ID, CREATED_TIME, MODIFIER_ID, MODIFIED_TIME)
VALUES (58, 'TEST111113', 'ASD', 'ASDASDASD', 'ASDASD', 1, '2014-01-01 00:00:00.0', 1, '2014-01-01 00:00:00.0');
INSERT INTO sm_component (ID, CODE, NAME, URL, REMARK, CREATOR_ID, CREATED_TIME, MODIFIER_ID, MODIFIED_TIME)
VALUES (59, 'TEST111115', 'ASD', 'ASDASDASD', 'ASDASD', 1, '2014-01-01 00:00:00.0', 1, '2014-01-01 00:00:00.0');
INSERT INTO sm_component (ID, CODE, NAME, URL, REMARK, CREATOR_ID, CREATED_TIME, MODIFIER_ID, MODIFIED_TIME)
VALUES (60, 'TEST111116', 'ASD', 'ASDASDASD', 'ASDASD', 1, '2014-01-01 00:00:00.0', 1, '2014-01-01 00:00:00.0');
INSERT INTO sm_component (ID, CODE, NAME, URL, REMARK, CREATOR_ID, CREATED_TIME, MODIFIER_ID, MODIFIED_TIME)
VALUES (61, 'TEST111117', 'ASD', 'ASDASDASD', 'ASDASD', 1, '2014-01-01 00:00:00.0', 1, '2014-01-01 00:00:00.0');
INSERT INTO sm_component (ID, CODE, NAME, URL, REMARK, CREATOR_ID, CREATED_TIME, MODIFIER_ID, MODIFIED_TIME)
VALUES (62, 'TEST111118', 'ASD', 'ASDASDASD', 'ASDASD', 1, '2014-01-01 00:00:00.0', 1, '2014-01-01 00:00:00.0');
INSERT INTO sm_component (ID, CODE, NAME, URL, REMARK, CREATOR_ID, CREATED_TIME, MODIFIER_ID, MODIFIED_TIME)
VALUES (63, 'TEST111119', 'ASD', 'ASDASDASD', 'ASDASD', 1, '2014-01-01 00:00:00.0', 1, '2014-01-01 00:00:00.0');