TRUNCATE TABLE attachment;
TRUNCATE table contact;
TRUNCATE table customer;
TRUNCATE table lead;
TRUNCATE table market_activity;
TRUNCATE table memoir;
TRUNCATE table notice;
TRUNCATE table `order`;
TRUNCATE table product;
TRUNCATE table project;
TRUNCATE table sm_audit_log;
TRUNCATE table import_log;
TRUNCATE table sm_component;
TRUNCATE table sm_function;
TRUNCATE table sm_menu;
TRUNCATE table sm_org;
TRUNCATE table sm_recyclebin;
TRUNCATE table sm_role;
TRUNCATE table sm_user;
TRUNCATE table supplier;
TRUNCATE table sysmessage;
TRUNCATE table user_message;
TRUNCATE table sm_module;
TRUNCATE table sm_module_type;
TRUNCATE table sm_org_role;
TRUNCATE table sm_user_com;
TRUNCATE table sm_user_org;
TRUNCATE table sm_workbanch;
TRUNCATE table sm_user_func;
TRUNCATE table sm_user_role;
TRUNCATE table sm_role_com;
TRUNCATE table sm_role_func;
TRUNCATE table report;
TRUNCATE table contract;
TRUNCATE table sm_user_position;
TRUNCATE table pro_city_area;
TRUNCATE table sm_dictionary;


-- ----------------------------
-- Records of sm_dictionary
-- ----------------------------
INSERT INTO sm_dictionary VALUES ('10301', '组织类型', '010301', null, '0', '0', null, '1', '组织类型', '1', '1', '1', '2014-05-26 00:00:00', '1', '2014-05-26 19:29:02');
INSERT INTO sm_dictionary VALUES ('10403', '工作状态', '010403', null, '0', '0', null, '1', '用户工作状态', '1', '1', '1', '2014-05-26 00:00:00', '1', '2014-05-26 19:29:03');
INSERT INTO sm_dictionary VALUES ('10404', '数据存储状态', '010404', null, '0', '0', null, '1', '用户数据存储状态', '0', '1', '1', '2014-05-26 00:00:00', '1', '2014-05-26 19:29:03');
INSERT INTO sm_dictionary VALUES ('10501', '角色类型', '010501', null, '0', '0', null, '1', '角色类型', '0', '1', '1', '2014-05-26 00:00:00', '1', '2014-05-26 19:29:03');
INSERT INTO sm_dictionary VALUES ('10601', '权限级别', '010601', null, '0', '0', null, '1', '功能权限级别', '0', '1', '1', '2014-05-26 00:00:00', '1', '2014-06-04 10:59:39');
INSERT INTO sm_dictionary VALUES ('30101', '活动类型', '030101', null, '0', '0', null, '1', '', '0', '1', '1', '2014-05-27 10:50:08', '1', '2014-05-27 10:50:08');
INSERT INTO sm_dictionary VALUES ('30102', '活动状态', '030102', null, '0', '0', null, '1', '', '0', '1', '1', '2014-05-27 10:56:52', '1', '2014-05-27 10:56:52');
INSERT INTO sm_dictionary VALUES ('40101', '线索来源', '040101', null, '0', '0', null, '1', '线索来源', '0', '1', '1', '2014-05-29 10:10:48', '1', '2014-05-29 10:10:38');
INSERT INTO sm_dictionary VALUES ('40102', '线索状态', '040102', null, '0', '0', null, '1', '线索状态', '0', '1', '1', '2014-05-29 10:12:27', '1', '2014-05-29 10:12:16');
INSERT INTO sm_dictionary VALUES ('40103', '银行卡类型', '040103', null, '0', '0', null, '1', '证件类型', '0', '1', '1', '2014-05-29 10:13:42', '1', '2014-06-05 16:38:25');
INSERT INTO sm_dictionary VALUES ('40201', '支付方式', '040201', null, '0', '0', null, '1', '支付方式', '0', '1', '1', '2014-06-26 16:10:17', '1', '2014-06-26 16:10:10');
INSERT INTO sm_dictionary VALUES ('40301', '客户类型', '040301', null, '0', '0', null, '1', '客户类型', '0', '1', '1', '2014-05-27 15:20:19', '1', '2014-05-28 12:36:53');
INSERT INTO sm_dictionary VALUES ('40302', '客户来源', '040302', null, '0', '0', null, '1', '客户来源', '0', '1', '1', '2014-05-27 17:16:45', '1', '2014-05-27 17:34:23');
INSERT INTO sm_dictionary VALUES ('40303', '证件类型', '040303', null, '0', '0', null, '1', '证件类型', '0', '1', '1', '2014-05-27 17:39:55', '1', '2014-05-27 17:40:02');
INSERT INTO sm_dictionary VALUES ('40304', '风险等级', '040304', null, '0', '0', null, '1', '风险等级', '0', '1', '1', '2014-05-27 17:48:08', '1', '2014-05-27 17:48:20');
INSERT INTO sm_dictionary VALUES ('40305', '行业', '040305', null, '0', '0', null, '1', '行业', '0', '1', '1', '2014-05-29 10:14:48', '1', '2014-05-29 10:16:08');
INSERT INTO sm_dictionary VALUES ('40306', '所有权', '040306', null, '0', '0', null, '1', '所有权', '0', '1', '1', '2014-05-27 18:05:37', '1', '2014-05-27 18:05:43');
INSERT INTO sm_dictionary VALUES ('40307', '开户行', '040307', null, '0', '0', null, '1', '开户行', '0', '1', '1', '2014-05-27 18:29:45', '1', '2014-05-27 18:29:50');
INSERT INTO sm_dictionary VALUES ('50101', '供应商类型', '050101', null, '0', '0', null, '1', '供应商类型', '0', '1', '1', '2014-05-26 00:00:00', '1', '2014-05-29 10:10:02');
INSERT INTO sm_dictionary VALUES ('60101', '投资方式', '060101', null, '0', '0', null, '1', '投资方式', '0', '1', '1', '2014-07-01 10:51:17', '1', '2014-07-01 10:51:17');
INSERT INTO sm_dictionary VALUES ('60102', '订单状态', '060102', null, '0', '0', null, '1', '订单状态', '0', '1', '1', '2014-07-01 10:55:02', '1', '2014-07-01 10:55:01');
INSERT INTO sm_dictionary VALUES ('60103', '财务审核状态', '060103', null, '0', '0', null, '1', '财务审核状态', '0', '1', '1', '2014-06-23 18:38:02', '1', '2014-06-23 18:38:16');
INSERT INTO sm_dictionary VALUES ('70101', '赎回方式', '070101', null, '0', '0', null, '1', '赎回方式', '0', '1', '1', '2014-07-14 19:20:02', '1', '2014-07-14 19:20:08');
INSERT INTO sm_dictionary VALUES ('90001', '报表分组类型', '090001', null, '1', '0', 'report_group', '1', '', '0', '1', '1', '2014-06-06 13:32:39', '1', '2014-06-25 10:31:51');
INSERT INTO sm_dictionary VALUES ('90002', '报表聚合类型', '090002', null, '1', '0', 'report_aggregate', '1', '', '0', '1', '1', '2014-06-06 13:32:39', '1', '2014-06-25 10:31:51');
INSERT INTO sm_dictionary VALUES ('90003', '报表图表类型', '090003', null, '1', '0', 'report_chart', '1', '', '0', '1', '1', '2014-06-06 13:32:39', '1', '2014-06-25 10:31:51');
INSERT INTO sm_dictionary VALUES ('100401', '操作类型', '100401', null, '0', '0', null, '1', '操作类型', '0', '1', '1', '2014-06-23 18:36:54', '1', '2014-06-23 18:37:07');
INSERT INTO sm_dictionary VALUES ('110101', '关联模块', '110101', null, '0', '0', null, '1', '附件关联模块', '0', '1', '1', '2014-05-27 10:29:14', '1', '2014-05-27 10:29:21');
INSERT INTO sm_dictionary VALUES ('110102', '附件类型', '110102', null, '0', '0', null, '1', '附件类型', '0', '1', '1', '2014-05-27 10:29:53', '1', '2014-05-27 10:29:50');
INSERT INTO sm_dictionary VALUES ('900101', '报表分组', '900101', null, '1', '0', 'report_group', '1', '', '0', '1', '1', '2014-06-06 13:32:39', '1', '2014-06-25 10:31:51');
INSERT INTO sm_dictionary VALUES ('990101', '模块类型', '990101', null, '1', '0', 'module_type', '1', '', '0', '1', '1', '2014-06-06 13:32:39', '1', '2014-06-25 10:31:51');
INSERT INTO sm_dictionary VALUES ('990201', '流程类型', '990201', null, '1', '0', 'flow_type', '1', '', '0', '1', '1', '2014-06-06 13:32:39', '1', '2014-06-25 10:31:51');
INSERT INTO sm_dictionary VALUES ('1030101', '公司', '01030101', '10301', '0', '0', '组织类型', '1', '组织类型', '0', '1', '1', '2014-05-26 00:00:00', '1', '2014-05-26 19:29:02');
INSERT INTO sm_dictionary VALUES ('1030102', '部门', '01030102', '10301', '0', '0', '组织类型', '1', '组织类型', '0', '1', '1', '2014-05-26 00:00:00', '1', '2014-05-26 19:29:02');
INSERT INTO sm_dictionary VALUES ('1030103', '组', '01030103', '10301', '0', '0', '组织类型', '1', '组织类型', '0', '1', '1', '2014-05-26 00:00:00', '1', '2014-05-26 19:29:02');
INSERT INTO sm_dictionary VALUES ('1040301', '在岗', '01040301', '10403', '0', '0', '在岗状态', '1', '用户工作状态', '0', '1', '1', '2014-05-26 00:00:00', '1', '2014-05-26 19:29:03');
INSERT INTO sm_dictionary VALUES ('1040302', '离岗', '01040302', '10403', '0', '0', '在岗状态', '1', '用户工作状态', '0', '1', '1', '2014-05-26 00:00:00', '1', '2014-05-26 19:29:03');
INSERT INTO sm_dictionary VALUES ('1040401', '最新的', '01040401', '10404', '0', '0', '数据存储状态', '1', '用户数据存储状态', '0', '1', '1', '2014-05-26 00:00:00', '1', '2014-05-26 19:29:03');
INSERT INTO sm_dictionary VALUES ('1040402', '延迟的', '01040402', '10404', '0', '0', '数据存储状态', '1', '用户数据存储状态', '0', '1', '1', '2014-05-26 00:00:00', '1', '2014-05-26 19:29:03');
INSERT INTO sm_dictionary VALUES ('1050101', '常规的', '01050101', '10501', '0', '0', '角色类型', '1', '角色类型', '0', '1', '1', '2014-05-26 00:00:00', '1', '2014-05-26 19:29:03');
INSERT INTO sm_dictionary VALUES ('1060101', '公共', '01060101', '10601', '0', '0', '权限级别', '1', '功能权限级别', '0', '1', '1', '2014-05-26 00:00:00', '1', '2014-05-26 19:29:03');
INSERT INTO sm_dictionary VALUES ('1060102', '身份认证', '01060102', '10601', '0', '0', '权限级别', '1', '功能权限级别', '0', '1', '1', '2014-05-26 00:00:00', '1', '2014-05-26 19:29:03');
INSERT INTO sm_dictionary VALUES ('1060103', '权限认证', '01060103', '10601', '0', '0', '权限级别', '1', '功能权限级别', '0', '1', '1', '2014-05-26 00:00:00', '1', '2014-05-26 19:29:03');
INSERT INTO sm_dictionary VALUES ('3010101', '交易会', '03010101', '30101', '0', '0', '活动类型', '1', '', '0', '1', '1', '2014-05-27 10:53:58', '1', '2014-05-27 10:53:58');
INSERT INTO sm_dictionary VALUES ('3010102', 'Web研讨', '03010102', '30101', '0', '0', '活动类型', '1', '', '0', '1', '1', '2014-05-27 10:53:58', '1', '2014-05-27 10:53:58');
INSERT INTO sm_dictionary VALUES ('3010103', '公开媒体', '03010103', '30101', '0', '0', '活动类型', '1', '', '0', '1', '1', '2014-05-27 10:53:58', '1', '2014-05-27 10:53:58');
INSERT INTO sm_dictionary VALUES ('3010104', '合作伙伴', '03010104', '30101', '0', '0', '活动类型', '1', '', '0', '1', '1', '2014-05-27 10:53:58', '1', '2014-05-27 10:53:58');
INSERT INTO sm_dictionary VALUES ('3010105', '广告', '03010105', '30101', '0', '0', '活动类型', '1', '', '0', '1', '1', '2014-05-27 10:53:58', '1', '2014-05-27 10:53:58');
INSERT INTO sm_dictionary VALUES ('3010106', '电子市场', '03010106', '30101', '0', '0', '活动类型', '1', '', '0', '1', '1', '2014-05-27 10:53:58', '1', '2014-05-27 10:53:58');
INSERT INTO sm_dictionary VALUES ('3010107', '邮箱', '03010107', '30101', '0', '0', '活动类型', '1', '', '0', '1', '1', '2014-05-27 10:53:58', '1', '2014-05-27 10:53:58');
INSERT INTO sm_dictionary VALUES ('3010108', '其它', '03010108', '30101', '0', '0', '活动类型', '1', '', '0', '1', '1', '2014-05-27 10:53:58', '1', '2014-05-27 10:53:58');
INSERT INTO sm_dictionary VALUES ('3010201', '计划中', '03010201', '30102', '0', '0', '活动状态', '1', '', '0', '1', '1', '2014-05-27 10:56:52', '1', '2014-05-27 10:56:52');
INSERT INTO sm_dictionary VALUES ('3010202', '激活', '03010202', '30102', '0', '0', '活动状态', '1', '', '0', '1', '1', '2014-05-27 10:56:52', '1', '2014-05-27 10:56:52');
INSERT INTO sm_dictionary VALUES ('3010203', '休眠', '03010203', '30102', '0', '0', '活动状态', '1', '', '0', '1', '1', '2014-05-27 10:56:52', '1', '2014-05-27 10:56:52');
INSERT INTO sm_dictionary VALUES ('3010204', '完成', '03010204', '30102', '0', '0', '活动状态', '1', '', '0', '1', '1', '2014-05-27 10:56:52', '1', '2014-05-27 10:56:52');
INSERT INTO sm_dictionary VALUES ('4010101', '市场活动获得', '04010101', '40101', '0', '0', '线索来源', '1', '市场活动获得', '0', '1', '1', '2014-05-29 10:11:36', '1', '2014-05-29 10:15:46');
INSERT INTO sm_dictionary VALUES ('4010201', '待跟进', '04010201', '40102', '0', '0', '线索状态', '1', '待跟进', '0', '1', '1', '2014-05-29 10:12:54', '1', '2014-05-29 10:15:49');
INSERT INTO sm_dictionary VALUES ('4010301', '借记卡', '04010301', '40103', '0', '0', '银行卡类型', '1', '借记卡', '0', '1', '1', '2014-05-29 10:14:10', '1', '2014-05-29 11:17:02');
INSERT INTO sm_dictionary VALUES ('4020101', '现金', '04020101', '40201', '0', '0', '支付方式', '1', '现金支付', '0', '1', '1', '2014-06-26 16:11:08', '1', '2014-06-26 16:10:56');
INSERT INTO sm_dictionary VALUES ('4020102', '支票', '04020102', '40201', '0', '0', '支票', '1', '支票支付', '0', '1', '1', '2014-06-26 16:11:52', '1', '2014-06-26 16:11:40');
INSERT INTO sm_dictionary VALUES ('4030101', '个人客户', '04030101', '40301', '0', '0', '客户类型', '1', '普通客户', '0', '1', '1', '2014-05-27 15:21:24', '1', '2014-05-27 15:21:24');
INSERT INTO sm_dictionary VALUES ('4030102', '机构客户', '04030102', '40301', '0', '0', '客户类型', '1', '非普通客户', '0', '1', '1', '2014-05-27 15:22:02', '1', '2014-05-27 15:22:01');
INSERT INTO sm_dictionary VALUES ('4030201', '直购渠道', '04030201', '40302', '0', '0', '客户来源', '1', '直购渠道', '0', '1', '1', '2014-05-27 17:18:10', '1', '2014-05-28 14:04:26');
INSERT INTO sm_dictionary VALUES ('4030202', '合作渠道', '04030202', '40302', '0', '0', '客户来源', '1', '合作渠道', '0', '1', '1', '2014-05-27 17:19:28', '1', '2014-05-28 14:04:29');
INSERT INTO sm_dictionary VALUES ('4030203', '内部推荐', '04030203', '40302', '0', '0', '客户来源', '1', '内部推荐', '0', '1', '1', '2014-05-27 17:20:22', '1', '2014-05-29 17:01:06');
INSERT INTO sm_dictionary VALUES ('4030204', '直接客户', '04030204', '40302', '0', '0', '客户来源', '1', '直接客户', '0', '1', '1', '2014-05-27 17:21:27', '1', '2014-05-29 17:01:07');
INSERT INTO sm_dictionary VALUES ('4030206', '线索转换', '04030206', '40302', '0', '0', '客户来源', '1', '线索转换', '0', '1', '1', '2014-07-24 14:37:05', '1', '2014-07-24 14:37:10');
INSERT INTO sm_dictionary VALUES ('4030301', '身份证', '04030301', '40303', '0', '0', '证件类型', '1', '身份证', '0', '1', '1', '2014-05-27 17:41:26', '1', '2014-05-28 14:05:00');
INSERT INTO sm_dictionary VALUES ('4030302', '工作证', '04030302', '40303', '0', '0', '证件类型', '1', '工作证', '0', '1', '1', '2014-05-27 17:42:26', '1', '2014-05-28 14:05:04');
INSERT INTO sm_dictionary VALUES ('4030303', '其他', '04030303', '40303', '0', '0', '证件类型', '1', '其他', '0', '1', '1', '2014-05-27 17:43:09', '1', '2014-05-28 14:05:08');
INSERT INTO sm_dictionary VALUES ('4030401', '一级', '04030401', '40304', '0', '0', '风险等级', '1', '一级', '0', '1', '1', '2014-05-27 17:49:01', '1', '2014-05-28 14:05:17');
INSERT INTO sm_dictionary VALUES ('4030402', '二级', '04030402', '40304', '0', '0', '风险等级', '1', '二级', '0', '1', '2', '2014-05-27 17:49:32', '1', '2014-05-28 14:05:31');
INSERT INTO sm_dictionary VALUES ('4030501', '金融', '04030501', '40305', '0', '0', '行业', '1', '金融', '0', '1', '1', '2014-05-27 18:00:44', '1', '2014-05-28 14:05:26');
INSERT INTO sm_dictionary VALUES ('4030601', '国有', '04030601', '40306', '0', '0', '所有权', '1', '国有', '0', '1', '1', '2014-05-27 18:06:39', '1', '2014-05-28 14:05:23');
INSERT INTO sm_dictionary VALUES ('4030602', '私营', '04030602', '40306', '0', '0', '所有权', '1', '私营', '0', '1', '1', '2014-05-29 14:01:39', '1', '2014-05-29 14:01:47');
INSERT INTO sm_dictionary VALUES ('4030701', '农行', '04030701', '40307', '0', '0', '开户行', '1', '农行', '0', '1', '1', '2014-05-27 18:30:35', '1', '2014-05-28 14:05:20');
INSERT INTO sm_dictionary VALUES ('5010101', '普通供应商', '01050101', '50101', '0', '0', '供应商类型', '1', '供应商类型', '0', '1', '1', '2014-05-26 00:00:00', '1', '2014-05-26 19:29:03');
INSERT INTO sm_dictionary VALUES ('5010102', '非普通供应商', '05010102', '50101', '0', '0', '供应商类型', '1', '供应商类型', '0', '1', '1', '2014-05-26 00:00:00', '1', '2014-05-27 14:20:17');
INSERT INTO sm_dictionary VALUES ('6010101', '短期', '06010101', '60101', '0', '0', '投资方式', '1', '短期', '0', '1', '1', '2014-07-01 10:52:09', '1', '2014-07-01 10:52:09');
INSERT INTO sm_dictionary VALUES ('6010102', '长期', '06010102', '60101', '0', '0', '投资方式', '1', '长期', '0', '1', '1', '2014-07-01 10:52:46', '1', '2014-07-01 10:52:46');
INSERT INTO sm_dictionary VALUES ('6010201', '未审核', '06010201', '60102', '0', '0', '订单状态', '1', '订单状态', '0', '1', '1', '2014-06-23 18:38:02', '1', '2014-06-23 18:38:16');
INSERT INTO sm_dictionary VALUES ('6010202', '待主管审核', '06010202', '60102', '0', '0', '订单状态', '1', '订单状态', '0', '1', '1', '2014-06-23 18:38:02', '1', '2014-06-23 18:38:16');
INSERT INTO sm_dictionary VALUES ('6010203', '待总监审核', '06010203', '60102', '0', '0', '订单状态', '1', '订单状态', '0', '1', '1', '2014-06-23 18:38:02', '1', '2014-06-23 18:38:16');
INSERT INTO sm_dictionary VALUES ('6010204', '审核通过', '06010204', '60102', '0', '0', '订单状态', '1', '订单状态', '0', '1', '1', '2014-06-23 18:38:02', '1', '2014-06-23 18:38:16');
INSERT INTO sm_dictionary VALUES ('6010301', '未收款', '06010301', '60103', '0', '0', '订单状态', '1', '订单状态', '0', '1', '1', '2014-06-23 18:38:02', '1', '2014-06-23 18:38:16');
INSERT INTO sm_dictionary VALUES ('6010302', '已收款', '06010302', '60103', '0', '0', '订单状态', '1', '订单状态', '0', '1', '1', '2014-06-23 18:38:02', '1', '2014-06-23 18:38:16');
INSERT INTO sm_dictionary VALUES ('7010101', '到期赎回', '07010101', '70101', '0', '0', '到期赎回', '1', '到期赎回', '0', '1', '1', '2014-07-14 19:21:23', '1', '2014-07-14 19:21:28');
INSERT INTO sm_dictionary VALUES ('9000101', '日期', '09000101', '90001', '2', '0', 'report_group_time', '1', '', '0', '1', '1', '2014-06-06 13:32:39', '1', '2014-06-25 10:31:51');
INSERT INTO sm_dictionary VALUES ('9000199', '其他', '09000199', '90001', '2', '0', 'report_group_else', '1', '', '0', '1', '1', '2014-06-06 13:32:39', '1', '2014-06-25 10:31:51');
INSERT INTO sm_dictionary VALUES ('9000201', '总计', '09000201', '90002', '2', '0', 'report_aggregate', '1', '', '0', '1', '1', '2014-06-06 13:32:39', '1', '2014-06-25 10:31:51');
INSERT INTO sm_dictionary VALUES ('9000202', '求和', '09000202', '90002', '2', '0', 'report_aggregate', '1', '', '0', '1', '1', '2014-06-06 13:32:39', '1', '2014-06-25 10:31:51');
INSERT INTO sm_dictionary VALUES ('9000203', '平均', '09000203', '90002', '2', '0', 'report_aggregate', '1', '', '0', '1', '1', '2014-06-06 13:32:39', '1', '2014-06-25 10:31:51');
INSERT INTO sm_dictionary VALUES ('9000204', '最大', '09000204', '90002', '2', '0', 'report_aggregate', '1', '', '0', '1', '1', '2014-06-06 13:32:39', '1', '2014-06-25 10:31:51');
INSERT INTO sm_dictionary VALUES ('9000205', '最小', '09000205', '90002', '2', '0', 'report_aggregate', '1', '', '0', '1', '1', '2014-06-06 13:32:39', '1', '2014-06-25 10:31:51');
INSERT INTO sm_dictionary VALUES ('9000301', '饼状图', '09000301', '90003', '2', '0', 'report_chart', '1', '', '0', '1', '1', '2014-06-06 13:32:39', '1', '2014-06-25 10:31:51');
INSERT INTO sm_dictionary VALUES ('9000302', '柱状图', '09000302', '90003', '2', '0', 'report_chart', '1', '', '0', '1', '1', '2014-06-06 13:32:39', '1', '2014-06-25 10:31:51');
INSERT INTO sm_dictionary VALUES ('9000303', '折线图', '09000303', '90003', '2', '0', 'report_chart', '1', '', '0', '1', '1', '2014-06-06 13:32:39', '1', '2014-06-25 10:31:51');
INSERT INTO sm_dictionary VALUES ('10040101', '新增', '10040101', '100401', '0', '0', '操作类型', '1', '新增', '0', '1', '1', '2014-06-23 18:38:02', '1', '2014-06-23 18:38:16');
INSERT INTO sm_dictionary VALUES ('10040102', '修改', '10040102', '100401', '0', '0', '操作类型', '1', '修改', '0', '1', '1', '2014-06-23 18:39:20', '1', '2014-06-23 18:39:31');
INSERT INTO sm_dictionary VALUES ('10040103', '删除', '10040103', '100401', '0', '0', '操作类型', '1', '删除', '0', '1', '1', '2014-06-23 18:39:59', '1', '2014-06-23 18:40:08');
INSERT INTO sm_dictionary VALUES ('10040104', '线索转换', '10040104', '100401', '0', '0', '操作类型', '1', '线索转换', '0', '1', '1', '2014-07-02 16:55:17', '1', '2014-07-02 16:55:18');
INSERT INTO sm_dictionary VALUES ('10040105', '更改所有者', '10040105', '10040105', '0', '0', '操作类型', '1', '更改所有者', '0', '1', '1', '2014-07-02 17:25:16', '1', '2014-07-02 17:25:16');
INSERT INTO sm_dictionary VALUES ('11010101', '供应商', '11010101', '110101', '0', '0', '模块类型', '1', '供应商模块', '0', '1', '1', '2014-05-27 10:30:55', '1', '2014-05-27 10:30:52');
INSERT INTO sm_dictionary VALUES ('11010102', '客户', '11010102', '110101', '0', '0', '模块类型', '1', '客户模块', '0', '1', '1', '2014-05-28 13:21:01', '1', '2014-05-28 13:20:54');
INSERT INTO sm_dictionary VALUES ('11010103', '线索', '11010103', '110101', '0', '0', '模块类型', '1', '线索模块', '0', '1', '1', '2014-05-28 13:21:37', '1', '2014-05-28 13:21:30');
INSERT INTO sm_dictionary VALUES ('11010104', '联系人', '11010104', '110101', '0', '0', '模块类型', '1', '联系人模块', '0', '1', '1', '2014-05-28 13:22:06', '1', '2014-05-28 13:21:59');
INSERT INTO sm_dictionary VALUES ('11010201', '身份证', '11010201', '110102', '0', '0', '附件类型', '1', '身份证', '0', '1', '1', '2014-05-27 10:31:38', '1', '2014-05-27 10:32:31');
INSERT INTO sm_dictionary VALUES ('11010202', '营业执照', '11010202', '110102', '0', '0', '附件类型', '1', '营业执照', '0', '1', '1', '2014-05-27 10:32:26', '1', '2014-05-27 10:32:24');
INSERT INTO sm_dictionary VALUES ('11010206', '用户类型', '04', null, null, null, null, '1', '', '0', '1', '1', '2014-06-06 13:36:46', '1', '2014-06-06 13:37:12');
INSERT INTO sm_dictionary VALUES ('11010207', '在岗状态', '05', null, null, null, null, '1', '', '0', '1', '1', '2014-06-06 13:37:12', '1', '2014-06-06 13:37:39');
INSERT INTO sm_dictionary VALUES ('11010208', '产品类型', '06', null, null, null, null, '1', '', '0', '1', '1', '2014-06-09 16:24:46', '1', '2014-06-09 17:17:31');
INSERT INTO sm_dictionary VALUES ('11010209', '期限单位', '07', null, null, null, null, '1', '', '0', '1', '1', '2014-06-09 16:45:47', '1', '2014-06-09 17:17:41');
INSERT INTO sm_dictionary VALUES ('11010210', '年', 'year', null, null, null, '期限单位', '1', '', '0', '1', '1', '2014-06-09 16:51:09', '1', '2014-06-09 17:16:21');
INSERT INTO sm_dictionary VALUES ('11010211', '月', 'month', null, null, null, '期限单位', '1', '', '0', '1', '1', '2014-06-09 17:17:16', '1', '2014-06-09 17:16:49');
INSERT INTO sm_dictionary VALUES ('11010212', '日', 'day', null, null, null, '期限单位', '1', '', '0', '1', '1', '2014-06-09 17:17:32', '1', '2014-06-09 17:17:06');
INSERT INTO sm_dictionary VALUES ('11010213', '面向大客户', 'dkh', null, null, null, '产品类型', '1', '', '0', '1', '1', '2014-06-09 17:19:51', '1', '2014-06-09 17:19:25');
INSERT INTO sm_dictionary VALUES ('11010214', '性别', '0001', null, null, null, null, '1', '', '0', '1', '1', '2014-06-10 10:52:46', '1', '2014-06-10 10:59:15');
INSERT INTO sm_dictionary VALUES ('11010215', '男', '000101', '11010214', null, null, '性别', '1', '', '0', '1', '1', '2014-06-10 10:53:12', '1', '2014-06-10 10:59:48');
INSERT INTO sm_dictionary VALUES ('11010216', '女', '000102', '11010214', null, null, '性别', '1', '', '0', '1', '1', '2014-06-10 11:00:36', '1', '2014-06-10 11:00:10');
INSERT INTO sm_dictionary VALUES ('90010101', '日期', '90010101', '900101', '2', '0', 'report_group_time', '1', '', '0', '1', '1', '2014-06-06 13:32:39', '1', '2014-06-25 10:31:51');
INSERT INTO sm_dictionary VALUES ('99010101', '报表', '99010101', '990101', '2', '0', 'module_type', '1', '', '0', '1', '1', '2014-06-06 13:32:39', '1', '2014-06-25 10:31:51');
INSERT INTO sm_dictionary VALUES ('99020101', '订单审批', '99020101', '990201', '2', '0', 'flow_type', '1', '', '0', '1', '1', '2014-06-06 13:32:39', '1', '2014-06-25 10:31:51');
INSERT INTO sm_dictionary VALUES ('99020102', '订单赎回', '99020102', '990201', '2', '0', 'flow_type', '1', '', '0', '1', '1', '2014-06-06 13:32:39', '1', '2014-06-25 10:31:51');
INSERT INTO sm_dictionary VALUES ('900010101', '年', '0900010101', '9000101', '3', '0', 'report_group_time', '1', '', '0', '1', '1', '2014-06-06 13:32:39', '1', '2014-06-25 10:31:51');
INSERT INTO sm_dictionary VALUES ('900010102', '月', '0900010102', '9000101', '3', '0', 'report_group_time', '1', '', '0', '1', '1', '2014-06-06 13:32:39', '1', '2014-06-25 10:31:51');
INSERT INTO sm_dictionary VALUES ('900010103', '日', '0900010103', '9000101', '3', '0', 'report_group_time', '1', '', '0', '1', '1', '2014-06-06 13:32:39', '1', '2014-06-25 10:31:51');
INSERT INTO sm_dictionary VALUES ('900010104', '时', '0900010104', '9000101', '3', '0', 'report_group_time', '1', '', '0', '1', '1', '2014-06-06 13:32:39', '1', '2014-06-25 10:31:51');
INSERT INTO sm_dictionary VALUES ('900010105', '分', '0900010105', '9000101', '3', '0', 'report_group_time', '1', '', '0', '1', '1', '2014-06-06 13:32:39', '1', '2014-06-25 10:31:51');
INSERT INTO sm_dictionary VALUES ('900010106', '秒', '0900010106', '9000101', '3', '0', 'report_group_time', '1', '', '0', '1', '1', '2014-06-06 13:32:39', '1', '2014-06-25 10:31:51');
INSERT INTO sm_dictionary VALUES ('900019901', '最细化', '0900019901', '9000199', '3', '0', 'report_group_else', '1', '', '0', '1', '1', '2014-06-06 13:32:39', '1', '2014-06-25 10:31:51');

-- ----------------------------
-- Records of sm_component
-- ----------------------------
INSERT INTO sm_component VALUES ('1', '001', '省市区三级联动', '/common/pcas/getChildren.docomp', '请问士大夫', '1060101', '1', '1', '1', '2014-06-17 00:00:00', '1', '2014-06-19 14:57:12');
INSERT INTO sm_component VALUES ('2', '003', '查询组件联系纪要', '/common/memoir/query.do', '查询组件联系纪要', '1060103', '0', '1', '1', '2014-06-19 00:00:00', '1', '2014-06-19 00:00:00');
INSERT INTO sm_component VALUES ('3', '002', '新增联系纪要', '/common/memoir/add.docomp', '新增联系纪要', '1060103', '0', '1', '1', '2014-06-19 00:00:00', '1', '2014-06-19 00:00:00');
INSERT INTO sm_component VALUES ('4', '004', '编辑联系纪要', '/common/memoir/modify.docomp', '查看联系纪要', '1060103', '0', '1', '1', '2014-05-30 16:09:57', '1', '2014-06-19 14:57:00');
INSERT INTO sm_component VALUES ('5', '005', '查看联系纪要', '/common/memoir/view.docomp', '查看联系纪要', '1060103', '1', '1', '1', '2014-05-30 16:11:08', '1', '2014-06-19 15:00:29');
INSERT INTO sm_component VALUES ('6', '006', '省市区三级联动获取根', '/common/pcas/getRoot.docomp', '', '1060101', '0', '1', '1', '2014-06-04 00:00:00', '1', '2014-06-10 14:47:26');
INSERT INTO sm_component VALUES ('7', '000101', '唯一性验证', '/common/common/unique.docomp', '', '1060101', '0', '1', '1', '2014-01-01 00:00:00', '1', '2014-07-23 21:54:45');
INSERT INTO sm_component VALUES ('8', '090001', '查找分组类型', '/common/report/findGroupType.docomp', '查找分组类型通过模块名称和字段名称', '1060102', '0', '1', '1', '2014-01-01 00:00:00', '1', '2014-07-23 21:54:48');
INSERT INTO sm_component VALUES ('9', '007', '项目列表组件', '/project/project/toQueryPage.comp', '项目列表组件', '1060101', '0', '1', '1', '2014-06-10 00:00:00', '1', '2014-07-23 21:54:50');
INSERT INTO sm_component VALUES ('10', '0200', '线索名称', '/workbanch/toViewPage.do', 'FDASF', '1060101', '0', '1', '1', '2014-06-19 00:00:00', '1', '2014-07-23 21:54:54');
INSERT INTO sm_component VALUES ('11', '008', '产品组件', '/project/product/toQueryPage.comp', '', '1060101', '0', '1', '1', '2014-07-01 09:35:35', '1', '2014-07-23 21:54:56');
INSERT INTO sm_component VALUES ('12', '009', '工作台位置记忆', '/workbanch/modifyOrder.do', '', '1060101', '0', '0', '1', '2014-07-09 00:00:00', '1', '2014-07-23 21:55:06');
INSERT INTO sm_component VALUES ('13', '010', '工作台删除', '/workbanch/delete.do', '', '1060101', '0', '0', '1', '2014-07-09 00:00:00', '1', '2014-07-23 21:55:08');
INSERT INTO sm_component VALUES ('14', '990110', '查找模块字段', '/common/module/findModuleFields.docomp', '查找模块字段通过模块主键编号', '1060102', '0', '1', '1', '2014-01-01 00:00:00', '1', '2014-07-23 21:55:10');

-- ----------------------------
-- Records of sm_function
-- ----------------------------
INSERT INTO sm_function VALUES ('1', null, '000001', '查询', '/query.do', '', '0', '1060101', null, '1', '1', '2014-05-26 00:00:00', '1', '2014-06-03 15:43:28');
INSERT INTO sm_function VALUES ('2', null, '000002', '新增', '/add.do', '', '0', '1060101', null, '1', '1', '2014-05-26 00:00:00', '1', '2014-06-03 15:43:30');
INSERT INTO sm_function VALUES ('3', null, '000003', '详情', '/view.do', '', '0', '1060101', null, '1', '1', '2014-05-26 00:00:00', '1', '2014-06-18 11:04:29');
INSERT INTO sm_function VALUES ('4', null, '000004', '编辑', '/modify.do', '', '0', '1060103', null, '1', '1', '2014-05-26 00:00:00', '1', '2014-06-18 11:04:45');
INSERT INTO sm_function VALUES ('5', null, '000005', '删除', '/delete.do', '', '0', '1060103', null, '1', '1', '2014-05-26 00:00:00', '1', '2014-05-26 19:29:05');
INSERT INTO sm_function VALUES ('6', null, '000006', '导出', '/export.do', '', '0', '1060103', '6', '1', '1', '2014-05-26 00:00:00', '1', '2014-07-01 16:24:07');
INSERT INTO sm_function VALUES ('22', '17', '2', '联系纪要查询', '/common/memoir/query.do', '', '0', '1060103', null, '1', '1', '2014-05-29 15:03:40', '1', '2014-07-11 17:12:38');
INSERT INTO sm_function VALUES ('23', '17', '3', '联系纪要新增', '/common/memoir/add.do', '', '0', '1060103', null, '1', '1', '2014-05-30 10:02:38', '1', '2014-07-11 17:12:41');
INSERT INTO sm_function VALUES ('24', '17', '4', '联系纪要编辑', '/common/memoir/modify.do', '', '0', '1060103', null, '1', '1', '2014-05-30 16:07:58', '1', '2014-07-11 17:12:42');
INSERT INTO sm_function VALUES ('25', '17', '5', '联系纪要删除', '/common/memoir/delete.do', '', '0', '1060103', null, '1', '1', '2014-05-30 16:08:47', '1', '2014-07-11 17:12:44');
INSERT INTO sm_function VALUES ('26', '17', '6', '附件查询', '/contact/attachment/query.do', '', '0', '1060103', null, '1', '1', '2014-06-12 15:46:21', '1', '2014-07-11 17:12:45');
INSERT INTO sm_function VALUES ('27', '17', '7', '附件预览', '/contact/attachment/view.do', '', '0', '1060103', null, '1', '1', '2014-06-12 15:46:21', '1', '2014-07-11 17:12:47');
INSERT INTO sm_function VALUES ('28', '17', '8', '附件上传', '/contact/attachment/upload.do', '', '0', '1060103', null, '1', '1', '2014-06-24 15:31:05', '1', '2014-07-11 17:12:48');
INSERT INTO sm_function VALUES ('29', '17', '9', '附件下载', '/contact/attachment/download.do', '', '0', '1060103', null, '1', '1', '2014-06-24 15:32:06', '1', '2014-07-11 17:12:49');
INSERT INTO sm_function VALUES ('30', '17', '10', '附件列表', '/common/attach/query.do', '', '0', '1060103', null, '1', '1', '2014-06-25 13:32:58', '1', '2014-07-11 17:12:51');
INSERT INTO sm_function VALUES ('31', '17', '11', '附件预览 ', '/common/attach/view.do', '', '0', '1060103', null, '1', '1', '2014-06-25 13:49:11', '1', '2014-07-11 17:12:52');
INSERT INTO sm_function VALUES ('32', '17', '12', '联系纪要查看', '/common/memoir/view.do', '', '0', '1060103', null, '1', '1', '2014-06-25 19:53:40', '1', '2014-07-11 17:12:53');
INSERT INTO sm_function VALUES ('33', '1', '020001', '详情', '/workbanch/view.do', '', '0', '1060101', null, '1', '1', '2014-05-26 00:00:00', '1', '2014-07-11 17:38:12');
INSERT INTO sm_function VALUES ('34', '29', '020002', '列表', '/workbanch/query.do', '', '0', '1060103', null, '1', '1', '2014-07-09 15:17:07', '1', '2014-07-23 21:54:14');
INSERT INTO sm_function VALUES ('35', '15', '030101', '查询', '/market/marketactivity/query.do', '', '0', '1060103', null, '1', '1', '2014-05-26 00:00:00', '1', '2014-07-11 17:38:17');
INSERT INTO sm_function VALUES ('36', '15', '030102', '新增', '/market/marketactivity/add.do', '', '0', '1060103', null, '1', '1', '2014-05-26 00:00:00', '1', '2014-07-11 17:38:19');
INSERT INTO sm_function VALUES ('37', '15', '030103', '详情', '/market/marketactivity/view.do', '', '0', '1060103', null, '1', '1', '2014-05-26 00:00:00', '1', '2014-07-11 17:38:21');
INSERT INTO sm_function VALUES ('38', '15', '030104', '编辑', '/market/marketactivity/modify.do', '', '0', '1060103', null, '1', '1', '2014-05-26 00:00:00', '1', '2014-07-11 17:38:23');
INSERT INTO sm_function VALUES ('39', '15', '030105', '删除', '/market/marketactivity/delete.do', '', '0', '1060103', null, '1', '1', '2014-05-26 00:00:00', '1', '2014-07-11 17:38:25');
INSERT INTO sm_function VALUES ('40', '15', '030106', '市场活动导出', '/market/marketactivity/export.do', '', '0', '1060103', '6', '1', '1', '2014-06-25 15:40:02', '1', '2014-07-11 17:38:27');
INSERT INTO sm_function VALUES ('41', '16', '040101', '查询', '/customer/lead/query.do', '', '0', '1060103', null, '1', '1', '2014-05-26 00:00:00', '1', '2014-07-11 17:38:29');
INSERT INTO sm_function VALUES ('42', '16', '040102', '新增', '/customer/lead/add.do', '', '0', '1060103', null, '1', '1', '2014-05-26 00:00:00', '1', '2014-07-11 17:38:31');
INSERT INTO sm_function VALUES ('43', '16', '040103', '详情', '/customer/lead/view.do', '', '0', '1060103', null, '1', '1', '2014-05-26 00:00:00', '1', '2014-07-11 17:38:32');
INSERT INTO sm_function VALUES ('44', '16', '040104', '编辑', '/customer/lead/modify.do', '', '0', '1060103', null, '1', '1', '2014-05-26 00:00:00', '1', '2014-07-11 17:38:35');
INSERT INTO sm_function VALUES ('45', '16', '040105', '删除', '/customer/lead/delete.do', '', '0', '1060103', null, '1', '1', '2014-05-26 00:00:00', '1', '2014-07-11 17:38:38');
INSERT INTO sm_function VALUES ('46', '16', '040106', '修改所有者', '/customer/lead/modifyOwner.do', '', '0', '1060103', null, '1', '1', '2014-06-04 10:01:11', '1', '2014-07-11 17:38:39');
INSERT INTO sm_function VALUES ('47', '16', '040107', '线索导出', '/customer/lead/export.do', '', '0', '1060103', '6', '1', '1', '2014-06-18 20:31:35', '1', '2014-07-11 17:38:41');
INSERT INTO sm_function VALUES ('48', '16', '040108', '附件列表', '/lead/attachment/query.do', '', '0', '1060103', null, '1', '1', '2014-06-22 16:34:33', '1', '2014-07-11 17:38:43');
INSERT INTO sm_function VALUES ('49', '16', '040109', '附件上传', '/lead/attachment/upload.do', '', '0', '1060103', null, '1', '1', '2014-06-22 16:35:39', '1', '2014-07-11 17:38:45');
INSERT INTO sm_function VALUES ('50', '16', '040110', '附件预览', '/lead/attachment/view.comp', '', '0', '1060103', null, '1', '1', '2014-06-22 16:37:16', '1', '2014-07-11 17:38:50');
INSERT INTO sm_function VALUES ('51', '16', '040111', '附件下载', '/lead/attachment/download.do', '', '0', '1060103', null, '1', '1', '2014-06-22 16:38:30', '1', '2014-07-11 17:38:52');
INSERT INTO sm_function VALUES ('52', '16', '040112', '附件删除', '/lead/attachment/delete.do', '', '0', '1060103', null, '1', '1', '2014-06-26 18:40:37', '1', '2014-07-11 17:38:54');
INSERT INTO sm_function VALUES ('53', '16', '040113', '线索转换', '/customer/lead/leadConverter.do', '', '0', '1060103', null, '1', '1', '2014-06-25 17:23:50', '1', '2014-07-11 17:38:55');
INSERT INTO sm_function VALUES ('54', '17', '040201', '查询', '/customer/contact/query.do', '', '0', '1060103', null, '1', '1', '2014-05-26 00:00:00', '1', '2014-07-11 17:38:58');
INSERT INTO sm_function VALUES ('55', '17', '040202', '新增', '/customer/contact/add.do', '', '0', '1060103', null, '1', '1', '2014-05-26 00:00:00', '1', '2014-07-11 17:38:59');
INSERT INTO sm_function VALUES ('56', '17', '040203', '详情', '/customer/contact/view.do', '', '0', '1060103', null, '1', '1', '2014-05-26 00:00:00', '1', '2014-07-11 17:39:01');
INSERT INTO sm_function VALUES ('57', '17', '040204', '编辑', '/customer/contact/modify.do', '', '0', '1060103', null, '1', '1', '2014-05-26 00:00:00', '1', '2014-07-11 17:39:03');
INSERT INTO sm_function VALUES ('58', '17', '040205', '删除', '/customer/contact/delete.do', '', '0', '1060103', null, '1', '1', '2014-05-26 00:00:00', '1', '2014-07-11 17:39:05');
INSERT INTO sm_function VALUES ('59', '17', '040206', '联系人导出', '/customer/contact/export.do', '', '0', '1060103', '6', '1', '1', '2014-06-25 15:41:18', '1', '2014-07-11 17:39:07');
INSERT INTO sm_function VALUES ('60', '18', '040301', '查询', '/customer/customer/query.do', '', '0', '1060103', null, '1', '1', '2014-05-26 00:00:00', '1', '2014-07-11 17:39:09');
INSERT INTO sm_function VALUES ('61', '18', '040302', '新增', '/customer/customer/add.do', '', '0', '1060103', null, '1', '1', '2014-05-26 00:00:00', '1', '2014-07-11 17:39:11');
INSERT INTO sm_function VALUES ('62', '18', '040303', '详情', '/customer/customer/view.do', '', '0', '1060103', null, '1', '1', '2014-05-26 00:00:00', '1', '2014-07-11 17:39:13');
INSERT INTO sm_function VALUES ('63', '18', '040304', '编辑', '/customer/customer/modify.do', '', '0', '1060103', null, '1', '1', '2014-05-26 00:00:00', '1', '2014-07-11 17:39:15');
INSERT INTO sm_function VALUES ('64', '18', '040305', '删除', '/customer/customer/delete.do', '', '0', '1060103', null, '1', '1', '2014-05-26 00:00:00', '1', '2014-07-11 17:39:17');
INSERT INTO sm_function VALUES ('65', '18', '040306', '客户导出', '/customer/customer/export.do', '', '0', '1060103', '6', '1', '1', '2014-06-18 20:54:48', '1', '2014-07-11 17:39:19');
INSERT INTO sm_function VALUES ('67', '18', '040307', '附件上传', '/customer/attachment/query.do', '', '0', '1060103', null, '1', '1', '2014-06-22 16:34:33', '1', '2014-07-11 17:39:21');
INSERT INTO sm_function VALUES ('68', '18', '040308', '附件上传', '/customer/attachment/upload.do', '', '0', '1060103', null, '1', '1', '2014-06-22 16:35:39', '1', '2014-07-11 17:39:23');
INSERT INTO sm_function VALUES ('69', '18', '040309', '附件预览', '/customer/attachment/view.comp', '', '0', '1060103', null, '1', '1', '2014-06-22 16:37:16', '1', '2014-07-11 17:39:28');
INSERT INTO sm_function VALUES ('70', '18', '040310', '附件下载', '/customer/attachment/download.do', '', '0', '1060103', null, '1', '1', '2014-06-22 16:38:30', '1', '2014-07-11 17:39:52');
INSERT INTO sm_function VALUES ('71', '18', '040311', '附件删除', '/customer/attachment/delete.do', '', '0', '1060103', null, '1', '1', '2014-06-27 09:39:53', '1', '2014-07-11 17:39:54');
INSERT INTO sm_function VALUES ('72', '19', '050101', '查询', '/project/supplier/query.do', '', '0', '1060103', null, '1', '1', '2014-05-26 00:00:00', '1', '2014-07-11 17:39:55');
INSERT INTO sm_function VALUES ('73', '19', '050102', '新增', '/project/supplier/add.do', '', '0', '1060103', null, '1', '1', '2014-05-26 00:00:00', '1', '2014-07-11 17:39:57');
INSERT INTO sm_function VALUES ('74', '19', '050103', '详情', '/project/supplier/view.do', '', '0', '1060103', null, '1', '1', '2014-05-26 00:00:00', '1', '2014-07-11 17:39:59');
INSERT INTO sm_function VALUES ('75', '19', '050104', '编辑', '/project/supplier/modify.do', '', '0', '1060103', null, '1', '1', '2014-05-26 00:00:00', '1', '2014-07-11 17:40:00');
INSERT INTO sm_function VALUES ('76', '19', '050105', '删除', '/project/supplier/delete.do', '', '0', '1060103', null, '1', '1', '2014-05-26 00:00:00', '1', '2014-07-11 17:40:02');
INSERT INTO sm_function VALUES ('77', '19', '050106', '附件查询', '/supplier/attachment/query.do', '', '0', '1060103', null, '1', '1', '2014-05-27 10:14:03', '1', '2014-07-11 17:40:03');
INSERT INTO sm_function VALUES ('78', '19', '050107', '附件上传', '/supplier/attachment/upload.do', '地方官', '0', '1060103', null, '1', '1', '2014-05-27 14:06:48', '1', '2014-07-11 17:40:05');
INSERT INTO sm_function VALUES ('79', '19', '050108', '附件预览', '/supplier/attachment/view.comp', '', '0', '1060103', null, '1', '1', '2014-05-27 10:16:13', '1', '2014-07-11 17:40:06');
INSERT INTO sm_function VALUES ('80', '19', '050109', '附件下载', '/supplier/attachment/download.do', '', '0', '1060103', null, '1', '1', '2014-05-27 10:17:17', '1', '2014-07-11 17:40:09');
INSERT INTO sm_function VALUES ('81', '19', '050110', '供应商导出', '/project/supplier/export.do', '', '0', '1060103', '6', '1', '1', '2014-06-19 14:48:13', '1', '2014-07-11 17:40:15');
INSERT INTO sm_function VALUES ('82', '19', '050111', '附件删除', '/supplier/attachment/delete.do', '', '0', '1060103', null, '1', '1', '2014-06-26 19:14:18', '1', '2014-07-11 17:40:17');
INSERT INTO sm_function VALUES ('83', '20', '050201', '查询', '/project/project/query.do', '', '0', '1060103', null, '1', '1', '2014-05-26 00:00:00', '1', '2014-07-11 17:40:19');
INSERT INTO sm_function VALUES ('84', '20', '050202', '新增', '/project/project/add.do', '', '0', '1060103', null, '1', '1', '2014-05-26 00:00:00', '1', '2014-07-11 17:40:21');
INSERT INTO sm_function VALUES ('85', '20', '050203', '详情', '/project/project/view.do', '', '0', '1060103', null, '1', '1', '2014-05-26 00:00:00', '1', '2014-07-11 17:40:22');
INSERT INTO sm_function VALUES ('86', '20', '050204', '编辑', '/project/project/modify.do', '', '0', '1060103', null, '1', '1', '2014-05-26 00:00:00', '1', '2014-07-11 17:40:24');
INSERT INTO sm_function VALUES ('87', '20', '050205', '删除', '/project/project/delete.do', '', '0', '1060103', null, '1', '1', '2014-05-26 00:00:00', '1', '2014-07-11 17:40:26');
INSERT INTO sm_function VALUES ('88', '20', '050206', '项目导出', '/project/project/export.do', '', '0', '1060103', '6', '1', '1', '2014-06-26 16:37:17', '1', '2014-07-11 17:40:28');
INSERT INTO sm_function VALUES ('89', '21', '050301', '查询', '/project/product/query.do', '', '0', '1060103', null, '1', '1', '2014-05-26 00:00:00', '1', '2014-07-11 17:40:30');
INSERT INTO sm_function VALUES ('90', '21', '050302', '新增', '/project/product/add.do', '', '0', '1060103', null, '1', '1', '2014-05-26 00:00:00', '1', '2014-07-11 17:40:32');
INSERT INTO sm_function VALUES ('100', '21', '050303', '详情', '/project/product/view.do', '', '0', '1060103', null, '1', '1', '2014-05-26 00:00:00', '1', '2014-07-11 17:40:34');
INSERT INTO sm_function VALUES ('101', '21', '050304', '编辑', '/project/product/modify.do', '', '0', '1060103', null, '1', '1', '2014-05-26 00:00:00', '1', '2014-07-11 17:40:36');
INSERT INTO sm_function VALUES ('102', '21', '050305', '删除', '/project/product/delete.do', '', '0', '1060103', null, '1', '1', '2014-05-26 00:00:00', '1', '2014-07-11 17:40:38');
INSERT INTO sm_function VALUES ('103', '21', '050306', '产品导出', '/project/product/export.do', '', '0', '1060103', '6', '1', '1', '2014-06-25 15:42:30', '1', '2014-07-11 17:40:40');
INSERT INTO sm_function VALUES ('104', '22', '060101', '查询', '/order/order/query.do', '', '0', '1060103', null, '1', '1', '2014-05-26 00:00:00', '1', '2014-07-11 17:40:46');
INSERT INTO sm_function VALUES ('105', '22', '060102', '新增', '/order/order/add.do', '', '0', '1060103', null, '1', '1', '2014-05-26 00:00:00', '1', '2014-07-11 17:40:48');
INSERT INTO sm_function VALUES ('106', '22', '060103', '详情', '/order/order/view.do', '', '0', '1060103', null, '1', '1', '2014-05-26 00:00:00', '1', '2014-07-11 17:40:51');
INSERT INTO sm_function VALUES ('107', '22', '060104', '编辑', '/order/order/modify.do', '', '0', '1060103', null, '1', '1', '2014-05-26 00:00:00', '1', '2014-07-11 17:40:53');
INSERT INTO sm_function VALUES ('108', '22', '060105', '删除', '/order/order/delete.do', '', '0', '1060103', null, '1', '1', '2014-05-26 00:00:00', '1', '2014-07-11 17:40:55');
INSERT INTO sm_function VALUES ('109', '22', '060106', '导出', '/order/order/export.do', '', '0', '1060103', null, '1', '1', '2014-07-01 16:59:44', '1', '2014-07-11 17:40:57');
INSERT INTO sm_function VALUES ('110', '23', '060201', '查询', '/order/contract/query.do', '', '0', '1060103', null, '1', '1', '2014-05-26 00:00:00', '1', '2014-07-23 16:48:52');
INSERT INTO sm_function VALUES ('112', '23', '060202', '新增', '/order/contract/add.do', '', '0', '1060103', null, '1', '1', '2014-05-26 00:00:00', '1', '2014-07-23 16:49:02');
INSERT INTO sm_function VALUES ('113', '23', '060203', '详情', '/order/contract/view.do', '', '0', '1060103', null, '1', '1', '2014-05-26 00:00:00', '1', '2014-07-23 16:49:04');
INSERT INTO sm_function VALUES ('114', '23', '060204', '编辑', '/order/contract/modify.do', '', '0', '1060103', null, '1', '1', '2014-05-26 00:00:00', '1', '2014-07-23 16:49:07');
INSERT INTO sm_function VALUES ('115', '23', '060205', '删除', '/order/contract/delete.do', '', '0', '1060103', null, '1', '1', '2014-05-26 00:00:00', '1', '2014-07-23 16:49:11');
INSERT INTO sm_function VALUES ('116', '25', '070201', '查询', null, '', '0', '1060103', null, '1', '1', '2014-05-26 00:00:00', '1', '2014-07-11 17:41:18');
INSERT INTO sm_function VALUES ('117', '25', '070202', '新增', null, '', '0', '1060103', null, '1', '1', '2014-05-26 00:00:00', '1', '2014-07-11 17:41:20');
INSERT INTO sm_function VALUES ('118', '25', '070203', '详情', null, '', '0', '1060103', null, '1', '1', '2014-05-26 00:00:00', '1', '2014-07-11 17:41:21');
INSERT INTO sm_function VALUES ('119', '25', '070204', '编辑', null, '', '0', '1060103', null, '1', '1', '2014-05-26 00:00:00', '1', '2014-07-11 17:41:23');
INSERT INTO sm_function VALUES ('120', '25', '070205', '删除', null, '', '0', '1060103', null, '1', '1', '2014-05-26 00:00:00', '1', '2014-07-11 17:41:25');
INSERT INTO sm_function VALUES ('121', '26', '070101', '查询', '/sales/salesTarget/query.do', '', '0', '1060103', null, '1', '1', '2014-05-26 00:00:00', '1', '2014-07-23 10:58:07');
INSERT INTO sm_function VALUES ('122', '26', '070102', '新增', '/sales/salesTarget/add.do', '', '0', '1060103', null, '1', '1', '2014-05-26 00:00:00', '1', '2014-07-23 10:58:12');
INSERT INTO sm_function VALUES ('123', '26', '070103', '详情', '/sales/salesTarget/view.do', '', '0', '1060103', null, '1', '1', '2014-05-26 00:00:00', '1', '2014-07-23 20:06:33');
INSERT INTO sm_function VALUES ('124', '26', '070104', '编辑', '/sales/salesTarget/modify.do', '', '0', '1060103', null, '1', '1', '2014-05-26 00:00:00', '1', '2014-07-23 20:06:34');
INSERT INTO sm_function VALUES ('125', '26', '070105', '删除', '/sales/salesTarget/delete.do', '', '0', '1060103', null, '1', '1', '2014-05-26 00:00:00', '1', '2014-07-23 20:06:38');
INSERT INTO sm_function VALUES ('126', '8', '090001', '查询', '/common/report/query.do', '', '0', '1060103', null, '1', '1', '2014-05-26 00:00:00', '1', '2014-07-14 10:07:16');
INSERT INTO sm_function VALUES ('127', '8', '090002', '新增', '/common/report/add.do', '', '0', '1060103', null, '1', '1', '2014-05-26 00:00:00', '1', '2014-07-14 10:07:17');
INSERT INTO sm_function VALUES ('128', '8', '090003', '查看', '/common/report/view.do', '', '0', '1060103', null, '1', '1', '2014-05-26 00:00:00', '1', '2014-07-14 10:07:17');
INSERT INTO sm_function VALUES ('129', '8', '090004', '修改', '/common/report/modify.do', '', '0', '1060103', null, '1', '1', '2014-05-26 00:00:00', '1', '2014-07-14 10:07:18');
INSERT INTO sm_function VALUES ('130', '8', '090005', '删除', '/common/report/delete.do', '', '0', '1060103', null, '1', '1', '2014-05-26 00:00:00', '1', '2014-07-14 10:07:18');
INSERT INTO sm_function VALUES ('131', '8', '090006', '生成报表', '/common/report/generate.do', '', '0', '1060103', null, '1', '1', '2014-05-26 00:00:00', '1', '2014-07-14 10:07:19');
INSERT INTO sm_function VALUES ('132', '27', '100101', '详情', '/system/user/view.do', '', '0', '1060103', null, '1', '1', '2014-05-26 00:00:00', '1', '2014-07-25 15:57:58');
INSERT INTO sm_function VALUES ('133', '28', '100201', '修改密码', '/system/user/modifyPassword.do', '', '0', '1060103', null, '1', '1', '2014-05-26 00:00:00', '1', '2014-07-25 15:53:29');
INSERT INTO sm_function VALUES ('134', '1', '100301', '详情', '/system/workbench/custom.do', '', '0', '1060103', null, '1', '1', '2014-05-26 00:00:00', '1', '2014-07-11 17:41:59');
INSERT INTO sm_function VALUES ('135', '30', '100501', '查询', '/system/message/query.do', '', '0', '1060103', null, '1', '1', '2014-05-31 00:00:00', '1', '2014-07-11 17:42:01');
INSERT INTO sm_function VALUES ('136', '30', '100502', '新增', '/system/message/add.do', '', '0', '1060103', null, '1', '1', '2014-05-31 00:00:00', '1', '2014-07-11 17:42:02');
INSERT INTO sm_function VALUES ('137', '30', '100503', '详情', '/system/message/view.do', '', '0', '1060103', null, '1', '1', '2014-05-31 00:00:00', '1', '2014-07-11 17:42:08');
INSERT INTO sm_function VALUES ('138', '30', '100504', '编辑', '/system/message/modify.do', '', '0', '1060103', null, '1', '1', '2014-05-31 00:00:00', '1', '2014-07-11 17:42:10');
INSERT INTO sm_function VALUES ('139', '30', '100505', '删除', '/system/message/delete.do', '', '0', '1060103', null, '1', '1', '2014-05-31 00:00:00', '1', '2014-07-11 17:42:12');
INSERT INTO sm_function VALUES ('140', '30', '100506', '系统消息导出', '/system/message/export.do', '', '0', '1060103', '6', '1', '1', '2014-06-19 11:40:13', '1', '2014-07-11 17:42:14');
INSERT INTO sm_function VALUES ('141', '31', '100601', '查询', '/system/notice/query.do', '', '0', '1060103', null, '1', '1', '2014-05-31 00:00:00', '1', '2014-07-11 17:42:18');
INSERT INTO sm_function VALUES ('142', '31', '100602', '新增', '/system/notice/add.do', '', '0', '1060103', null, '1', '1', '2014-05-31 00:00:00', '1', '2014-07-11 17:42:21');
INSERT INTO sm_function VALUES ('143', '31', '100603', '详情', '/system/notice/view.do', '', '0', '1060103', null, '1', '1', '2014-05-31 00:00:00', '1', '2014-07-11 17:42:25');
INSERT INTO sm_function VALUES ('144', '31', '100604', '编辑', '/system/notice/modify.do', '', '0', '1060103', null, '1', '1', '2014-05-31 00:00:00', '1', '2014-07-11 17:42:26');
INSERT INTO sm_function VALUES ('145', '31', '100605', '删除', '/system/notice/delete.do', '', '0', '1060103', null, '1', '1', '2014-05-31 00:00:00', '1', '2014-07-11 17:42:28');
INSERT INTO sm_function VALUES ('146', '31', '100606', '导入', '/system/notice/import.do', '', '0', '1060103', null, '1', '1', '2014-06-18 19:47:57', '1', '2014-07-11 17:42:30');
INSERT INTO sm_function VALUES ('147', '31', '100607', '系统公告导出', '/system/notice/export.do', '', '0', '1060103', '6', '1', '1', '2014-06-18 19:50:14', '1', '2014-07-11 17:42:32');
INSERT INTO sm_function VALUES ('148', '44', '100701', '详情', '/system/help/view.do', '', '0', '1060103', null, '1', '1', '2014-05-26 00:00:00', '1', '2014-07-11 17:42:34');
INSERT INTO sm_function VALUES ('149', '32', '110101', '查询', '/system/user/query.do', '', '0', '1060103', null, '1', '1', '2014-05-26 00:00:00', '1', '2014-07-11 17:42:37');
INSERT INTO sm_function VALUES ('150', '32', '110102', '新增', '/system/user/add.do', '', '0', '1060103', null, '1', '1', '2014-05-26 00:00:00', '1', '2014-07-11 17:42:43');
INSERT INTO sm_function VALUES ('151', '32', '110103', '编辑', '/system/user/modify.do', '', '0', '1060103', null, '1', '1', '2014-05-26 00:00:00', '1', '2014-07-11 17:42:47');
INSERT INTO sm_function VALUES ('152', '32', '110104', '删除', '/system/user/delete.do', '', '0', '1060103', null, '1', '1', '2014-05-26 00:00:00', '1', '2014-07-11 17:42:49');
INSERT INTO sm_function VALUES ('153', '32', '110105', '授权', '/system/user/authorization.do', '', '0', '1060103', null, '1', '1', '2014-05-26 00:00:00', '1', '2014-07-11 17:42:51');
INSERT INTO sm_function VALUES ('154', '32', '110106', '重置密码', '/system/user/resetPassword.do', '', '0', '1060103', null, '1', '1', '2014-05-31 00:00:00', '1', '2014-07-11 17:42:53');
INSERT INTO sm_function VALUES ('155', '32', '110107', '启用', '/system/user/enable.do', '', '0', '1060103', null, '1', '1', '2014-05-31 00:00:00', '1', '2014-07-11 17:42:55');
INSERT INTO sm_function VALUES ('156', '32', '110108', '禁用', '/system/user/disable.do', '', '0', '1060103', null, '1', '1', '2014-05-31 00:00:00', '1', '2014-07-11 17:42:58');
INSERT INTO sm_function VALUES ('157', '32', '110109', '导入', '/system/user/import.do', '', '0', '1060103', null, '1', '1', '2014-05-31 00:00:00', '1', '2014-07-11 17:43:00');
INSERT INTO sm_function VALUES ('158', '9', '10410', '登录', '/login.doself', '', '0', '1060101', null, '1', '1', '2014-05-31 00:00:00', '1', '2014-07-11 17:43:03');
INSERT INTO sm_function VALUES ('159', '9', '10411', '注销', '/logout.doself', '', '0', '1060101', null, '1', '1', '2014-05-31 00:00:00', '1', '2014-07-11 17:43:06');
INSERT INTO sm_function VALUES ('160', '32', '110112', '用户导出', '/system/user/export.do', '', '0', '1060103', '6', '1', '1', '2014-05-31 00:00:00', '1', '2014-07-11 17:43:09');
INSERT INTO sm_function VALUES ('161', '33', '110201', '查询', '/system/role/query.do', '', '0', '1060103', null, '1', '1', '2014-05-26 00:00:00', '1', '2014-07-11 17:43:11');
INSERT INTO sm_function VALUES ('162', '33', '110202', '新增', '/system/role/add.do', '', '0', '1060103', null, '1', '1', '2014-05-26 00:00:00', '1', '2014-07-11 17:43:13');
INSERT INTO sm_function VALUES ('163', '33', '110203', '详情', '/system/role/view.do', '', '0', '1060103', null, '1', '1', '2014-05-26 00:00:00', '1', '2014-07-11 17:43:15');
INSERT INTO sm_function VALUES ('164', '33', '110204', '编辑', '/system/role/modify.do', '', '0', '1060103', null, '1', '1', '2014-05-26 00:00:00', '1', '2014-07-11 17:43:17');
INSERT INTO sm_function VALUES ('165', '33', '110205', '删除', '/system/role/delete.do', '', '0', '1060103', null, '1', '1', '2014-05-26 00:00:00', '1', '2014-07-11 17:43:19');
INSERT INTO sm_function VALUES ('166', '33', '110206', '授权', '/system/role/authorization.do', '', '0', '1060103', null, '1', '1', '2014-05-26 00:00:00', '1', '2014-07-11 17:43:20');
INSERT INTO sm_function VALUES ('167', '34', '110301', '查询', '/system/menu/query.do', '', '0', '1060103', null, '1', '1', '2014-05-26 00:00:00', '1', '2014-07-11 17:43:22');
INSERT INTO sm_function VALUES ('168', '34', '110302', '新增', '/system/menu/add.do', '', '0', '1060103', null, '1', '1', '2014-05-26 00:00:00', '1', '2014-07-11 17:43:25');
INSERT INTO sm_function VALUES ('169', '34', '110303', '详情', '/system/menu/view.do', '', '0', '1060103', null, '1', '1', '2014-05-26 00:00:00', '1', '2014-07-11 17:43:27');
INSERT INTO sm_function VALUES ('170', '34', '110304', '编辑', '/system/menu/modify.do', '', '0', '1060103', null, '1', '1', '2014-05-26 00:00:00', '1', '2014-07-11 17:43:29');
INSERT INTO sm_function VALUES ('171', '34', '110305', '删除', '/system/menu/delete.do', '', '0', '1060103', null, '1', '1', '2014-05-26 00:00:00', '1', '2014-07-11 17:43:33');
INSERT INTO sm_function VALUES ('172', '34', '110306', '移动', '/system/menu/move.doself', '', '0', '1060103', null, '1', '1', '2014-05-26 00:00:00', '1', '2014-07-11 17:43:35');
INSERT INTO sm_function VALUES ('173', '35', '110401', '查询', '/system/function/query.do', '', '0', '1060103', null, '1', '1', '2014-05-26 00:00:00', '1', '2014-07-11 17:43:37');
INSERT INTO sm_function VALUES ('174', '35', '110402', '新增', '/system/function/add.do', '', '0', '1060103', null, '1', '1', '2014-05-26 00:00:00', '1', '2014-07-11 17:43:41');
INSERT INTO sm_function VALUES ('175', '35', '110403', '详情', '/system/function/view.do', '', '0', '1060103', null, '1', '1', '2014-05-26 00:00:00', '1', '2014-07-11 17:43:43');
INSERT INTO sm_function VALUES ('176', '35', '110404', '编辑', '/system/function/modify.do', '', '0', '1060103', null, '1', '1', '2014-05-26 00:00:00', '1', '2014-07-11 17:43:45');
INSERT INTO sm_function VALUES ('177', '35', '110405', '删除', '/system/function/delete.do', '', '0', '1060103', null, '1', '1', '2014-05-26 00:00:00', '1', '2014-07-11 17:43:51');
INSERT INTO sm_function VALUES ('178', '35', '110406', '首页', '/system/function/index.do', '', '0', '1060103', null, '1', '1', '2014-05-26 00:00:00', '1', '2014-07-11 17:44:00');
INSERT INTO sm_function VALUES ('179', '36', '110501', '查询', '/system/component/query.do', '', '0', '1060103', null, '1', '1', '2014-05-26 00:00:00', '1', '2014-07-11 17:44:02');
INSERT INTO sm_function VALUES ('180', '36', '110502', '新增', '/system/component/add.do', '', '0', '1060103', null, '1', '1', '2014-05-26 00:00:00', '1', '2014-07-11 17:44:05');
INSERT INTO sm_function VALUES ('181', '36', '110503', '详情', '/system/component/view.do', '', '0', '1060103', null, '1', '1', '2014-05-26 00:00:00', '1', '2014-07-11 17:44:07');
INSERT INTO sm_function VALUES ('182', '36', '110504', '编辑', '/system/component/modify.do', '', '0', '1060103', null, '1', '1', '2014-05-26 00:00:00', '1', '2014-07-11 17:44:09');
INSERT INTO sm_function VALUES ('183', '36', '110505', '删除', '/system/component/delete.do', '', '0', '1060103', null, '1', '1', '2014-05-26 00:00:00', '1', '2014-07-11 17:44:11');
INSERT INTO sm_function VALUES ('184', '38', '110601', '权限设置', '/system/authorization.do', '', '0', '1060103', null, '1', '1', '2014-05-26 00:00:00', '1', '2014-07-11 17:44:13');
INSERT INTO sm_function VALUES ('185', '38', '120101', '查询', '/system/organization/query.do', '', '0', '1060103', null, '1', '1', '2014-05-26 00:00:00', '1', '2014-07-11 17:44:16');
INSERT INTO sm_function VALUES ('186', '38', '120102', '新增', '/system/organization/add.do', '', '0', '1060103', null, '1', '1', '2014-05-26 00:00:00', '1', '2014-07-11 17:44:18');
INSERT INTO sm_function VALUES ('187', '38', '120103', '详情', '/system/organization/view.do', '', '0', '1060103', null, '1', '1', '2014-05-26 00:00:00', '1', '2014-07-11 17:44:20');
INSERT INTO sm_function VALUES ('188', '38', '120104', '编辑', '/system/organization/modify.do', '', '0', '1060103', null, '1', '1', '2014-05-26 00:00:00', '1', '2014-07-11 17:44:21');
INSERT INTO sm_function VALUES ('189', '38', '120105', '删除', '/system/organization/delete.do', '', '0', '1060103', null, '1', '1', '2014-05-26 00:00:00', '1', '2014-07-11 17:44:23');
INSERT INTO sm_function VALUES ('190', '38', '120106', '授权', '/system/organization/authorization.do', '', '0', '1060103', null, '1', '1', '2014-05-26 00:00:00', '1', '2014-07-11 17:44:26');
INSERT INTO sm_function VALUES ('191', '38', '120107', '移动', '/system/organization/move.doself', '', '0', '1060103', null, '1', '1', '2014-05-26 00:00:00', '1', '2014-07-11 17:44:28');
INSERT INTO sm_function VALUES ('192', '39', '130101', '查询', '/system/dictionary/query.do', '', '0', '1060103', null, '1', '1', '2014-05-26 00:00:00', '1', '2014-07-11 17:44:31');
INSERT INTO sm_function VALUES ('193', '39', '130102', '新增', '/system/dictionary/add.do', '', '0', '1060103', null, '1', '1', '2014-05-26 00:00:00', '1', '2014-07-11 17:44:33');
INSERT INTO sm_function VALUES ('194', '39', '130103', '详情', '/system/dictionary/view.do', '', '0', '1060103', null, '1', '1', '2014-05-26 00:00:00', '1', '2014-07-11 17:44:35');
INSERT INTO sm_function VALUES ('195', '39', '130104', '编辑', '/system/dictionary/modify.do', '', '0', '1060103', null, '1', '1', '2014-05-26 00:00:00', '1', '2014-07-11 17:44:40');
INSERT INTO sm_function VALUES ('196', '39', '130105', '删除', '/system/dictionary/delete.do', '', '0', '1060103', null, '1', '1', '2014-05-26 00:00:00', '1', '2014-07-11 17:44:43');
INSERT INTO sm_function VALUES ('197', '40', '130201', '详情', '/system/data/export.do', '', '0', '1060103', null, '1', '1', '2014-05-26 00:00:00', '1', '2014-07-11 17:44:45');
INSERT INTO sm_function VALUES ('198', '41', '130301', '查询', '/system/recyclebin/query.do', '', '0', '1060103', null, '1', '1', '2014-06-26 11:09:36', '1', '2014-07-11 17:44:49');
INSERT INTO sm_function VALUES ('199', '41', '130302', '删除', '/system/recyclebin/delete.do', '', '0', '1060103', null, '1', '1', '2014-06-26 11:10:30', '1', '2014-07-11 17:44:51');
INSERT INTO sm_function VALUES ('200', '41', '130303', '恢复', '/system/recyclebin/recovery.do', '', '0', '1060103', null, '1', '1', '2014-06-26 11:11:14', '1', '2014-07-11 17:44:53');
INSERT INTO sm_function VALUES ('201', '42', '130401', '查询', '/system/auditlog/query.do', '', '0', '1060103', null, '1', '1', '2014-05-26 00:00:00', '1', '2014-07-11 17:44:56');
INSERT INTO sm_function VALUES ('202', '42', '130402', '新增', '/system/auditlog/add.do', '', '0', '1060103', null, '1', '1', '2014-05-26 00:00:00', '1', '2014-07-11 17:44:59');
INSERT INTO sm_function VALUES ('203', '42', '130403', '详情', '/system/auditlog/view.do', '', '0', '1060103', null, '1', '1', '2014-05-26 00:00:00', '1', '2014-07-11 17:45:01');
INSERT INTO sm_function VALUES ('204', '42', '130404', '编辑', '/system/auditlog/modify.do', '', '0', '1060103', null, '1', '1', '2014-05-26 00:00:00', '1', '2014-07-11 17:45:04');
INSERT INTO sm_function VALUES ('205', '42', '130405', '删除', '/system/auditlog/delete.do', '', '0', '1060103', null, '1', '1', '2014-05-26 00:00:00', '1', '2014-07-11 17:45:06');
INSERT INTO sm_function VALUES ('206', '43', '140101', '详情', '/system/developer/view.do', '', '0', '1060103', null, '1', '1', '2014-05-26 00:00:00', '1', '2014-07-11 17:45:11');
INSERT INTO sm_function VALUES ('209', '16', '040114', '线索导入', '/lead/imports/import.do', '', '0', '1060103', null, '1', '1', '2014-07-14 10:05:18', '1', '2014-07-23 20:39:39');
INSERT INTO sm_function VALUES ('210', '23', '060206', '合同导出', '/order/contract/export.do', '', '0', '1060103', null, '1', '1', '2014-07-15 14:47:05', '1', '2014-07-23 16:49:43');
INSERT INTO sm_function VALUES ('211', '23', '060207', '附件查询', '/contract/attachment/query.do', '', '0', '1060103', null, '1', '1', '2014-06-22 16:34:33', '1', '2014-07-23 16:49:46');
INSERT INTO sm_function VALUES ('212', '23', '060208', '附件上传', '/contract/attachment/upload.do', '', '0', '1060103', null, '1', '1', '2014-06-22 16:35:39', '1', '2014-07-23 16:49:48');
INSERT INTO sm_function VALUES ('213', '23', '060209', '附件预览', '/contract/attachment/view.comp', '', '0', '1060103', null, '1', '1', '2014-06-22 16:37:16', '1', '2014-07-23 16:49:52');
INSERT INTO sm_function VALUES ('214', '23', '060210', '附件下载', '/contract/attachment/download.do', '', '0', '1060103', null, '1', '1', '2014-06-22 16:38:30', '1', '2014-07-23 16:49:58');
INSERT INTO sm_function VALUES ('215', '23', '060211', '附件删除', '/contract/attachment/delete.do', '', '0', '1060103', null, '1', '1', '2014-06-27 09:39:53', '1', '2014-07-23 16:50:06');
INSERT INTO sm_function VALUES ('217', '22', '060108', '启动审批', '/order/order/startApprove.do', '', '0', '1060102', null, '1', '1', '2014-07-17 15:33:54', '1', '2014-07-23 14:21:19');
INSERT INTO sm_function VALUES ('218', '22', '060109', '执行审批', '/order/order/executeApprove.do', '', '0', '1060102', null, '1', '1', '2014-07-17 15:33:54', '1', '2014-07-23 14:21:22');
INSERT INTO sm_function VALUES ('219', '22', '060110', '赎回订单', '/order/order/redemption.do', '', '0', '1060103', null, '1', '1', '2014-07-26 11:10:23', '1', '2014-07-26 11:10:04');
INSERT INTO sm_function VALUES ('220', '29', '020003', '添加工作台', '/workbanch/add.do', '', '0', '1060101', null, '1', '1', '2014-07-23 22:00:37', '1', '2014-07-23 22:01:25');
INSERT INTO sm_function VALUES ('221', '18', '040312', '客户导入', '/customer/imports/import.do', '', '0', '1060103', null, '1', '1', '2014-07-23 20:10:13', '1', '2014-07-24 11:10:56');
INSERT INTO sm_function VALUES ('222', '17', '040207', '联系人导入', '/contact/imports/import.do', '', '0', '1060103', null, '1', '1', '2014-07-23 20:11:15', '0', '2014-07-24 11:11:00');
INSERT INTO sm_function VALUES ('223', '19', '050112', '供应商导入', '/supplier/imports/import.do', '', '0', '1060103', null, '1', '1', '2014-07-23 20:15:59', '0', '2014-07-24 11:12:31');
INSERT INTO sm_function VALUES ('224', '20', '050207', '附件列表', '/project/attachment/query.do', '', '0', '1060103', null, '1', '1', '2014-06-22 16:34:33', '1', '2014-07-11 17:38:43');
INSERT INTO sm_function VALUES ('225', '20', '050208', '附件上传', '/project/attachment/upload.do', '', '0', '1060103', null, '1', '1', '2014-06-22 16:35:39', '1', '2014-07-11 17:38:45');
INSERT INTO sm_function VALUES ('226', '20', '050209', '附件预览', '/project/attachment/view.comp', '', '0', '1060103', null, '1', '1', '2014-06-22 16:37:16', '1', '2014-07-11 17:38:50');
INSERT INTO sm_function VALUES ('227', '20', '050210', '附件下载', '/project/attachment/download.do', '', '0', '1060103', null, '1', '1', '2014-06-22 16:38:30', '1', '2014-07-11 17:38:52');
INSERT INTO sm_function VALUES ('228', '20', '050211', '附件删除', '/project/attachment/delete.do', '', '0', '1060103', null, '1', '1', '2014-06-22 16:38:30', '1', '2014-07-11 17:38:52');
INSERT INTO sm_function VALUES ('250', '45', '130501', '查询', '/system/imports/import.do', '', '0', '1060103', null, '1', '1', '2014-07-24 15:44:57', '1', '2014-07-25 22:18:52');
INSERT INTO sm_function VALUES ('260', '54', '', '查询', '/test/test/query.do', '', '1', '1060103', null, '0', '1', '2014-07-24 18:55:09', '1', '2014-07-25 11:38:18');
INSERT INTO sm_function VALUES ('275', '46', '080301', '查询', '/financial/payments/query.do', '', '0', '1060103', null, '1', '1', '2014-07-25 20:57:18', '1', '2014-07-27 09:53:50');
INSERT INTO sm_function VALUES ('276', '46', '080303', '详情', '/financial/payments/view.do', '', '0', '1060103', null, '1', '1', '2014-07-25 20:57:18', '1', '2014-07-27 11:38:36');
INSERT INTO sm_function VALUES ('277', '66', '', '查询', '/financial/receiveorder/query.do', '', '0', '1060103', null, '0', '1', '2014-07-25 21:16:32', '1', '2014-07-25 21:16:32');
INSERT INTO sm_function VALUES ('278', '66', '', '新增', '/financial/receiveorder/add.do', '', '0', '1060103', null, '0', '1', '2014-07-25 21:16:33', '1', '2014-07-25 21:16:33');
INSERT INTO sm_function VALUES ('279', '66', '', '详情', '/financial/receiveorder/view.do', '', '0', '1060103', null, '0', '1', '2014-07-25 21:16:33', '1', '2014-07-25 21:16:33');
INSERT INTO sm_function VALUES ('280', '66', '', '编辑', '/financial/receiveorder/modify.do', '', '0', '1060103', null, '0', '1', '2014-07-25 21:16:33', '1', '2014-07-25 21:16:33');
INSERT INTO sm_function VALUES ('281', '66', '', '删除', '/financial/receiveorder/delete.do', '', '0', '1060103', null, '0', '1', '2014-07-25 21:16:33', '1', '2014-07-25 21:16:33');
INSERT INTO sm_function VALUES ('282', '24', '080101', '查询', '/financial/approve/query.do', '', '0', '1060103', null, '1', '1', '2014-05-26 00:00:00', '1', '2014-06-03 15:43:28');
INSERT INTO sm_function VALUES ('283', '24', '080102', '新增', '/financial/approve/add.do', '', '0', '1060103', null, '1', '1', '2014-05-26 00:00:00', '1', '2014-06-03 15:43:30');
INSERT INTO sm_function VALUES ('284', '24', '080103', '详情', '/financial/approve/view.do', '', '0', '1060103', null, '1', '1', '2014-05-26 00:00:00', '1', '2014-06-18 11:04:29');
INSERT INTO sm_function VALUES ('285', '24', '080104', '编辑', '/financial/approve/modify.do', '', '0', '1060103', null, '1', '1', '2014-05-26 00:00:00', '1', '2014-06-18 11:04:45');
INSERT INTO sm_function VALUES ('286', '24', '080105', '删除', '/financial/approve/delete.do', '', '0', '1060103', null, '1', '1', '2014-05-26 00:00:00', '1', '2014-05-26 19:29:05');
INSERT INTO sm_function VALUES ('287', '24', '080106', '进行审批', '/financial/approve/approve.do', '', '0', '1060102', null, '1', '1', '2014-05-26 00:00:00', '1', '2014-05-26 19:29:05');
INSERT INTO sm_function VALUES ('288', '25', '080201', '查询', '/financial/receivables/query.do', '', '0', '1060103', null, '1', '1', '2014-05-26 00:00:00', '1', '2014-07-26 15:32:56');
INSERT INTO sm_function VALUES ('289', '25', '080202', '新增', '/financial/receivables/add.do', '', '0', '1060103', null, '1', '1', '2014-05-26 00:00:00', '1', '2014-07-26 15:32:59');
INSERT INTO sm_function VALUES ('290', '25', '080203', '详情', '/financial/receivables/view.do', '', '0', '1060103', null, '1', '1', '2014-05-26 00:00:00', '1', '2014-07-26 15:33:02');
INSERT INTO sm_function VALUES ('291', '25', '080204', '编辑', '/financial/receivables/modify.do', '', '0', '1060103', null, '1', '1', '2014-05-26 00:00:00', '1', '2014-07-26 15:33:05');
INSERT INTO sm_function VALUES ('292', '25', '080205', '删除', '/financial/receivables/delete.do', '', '0', '1060103', null, '1', '1', '2014-05-26 00:00:00', '1', '2014-07-26 15:33:17');
INSERT INTO sm_function VALUES ('294', '46', '080302', '新增', '/financial/payments/add.do', '', '0', '1060103', null, '1', '1', '2014-05-26 00:00:00', '1', '2014-07-27 11:38:34');
INSERT INTO sm_function VALUES ('296', '46', '080304', '编辑', '/financial/payments/modify.do', '', '0', '1060103', null, '1', '1', '2014-05-26 00:00:00', '1', '2014-07-27 11:38:38');
INSERT INTO sm_function VALUES ('297', '46', '080305', '删除', '/financial/payments/delete.do', '', '0', '1060103', null, '1', '1', '2014-05-26 00:00:00', '1', '2014-07-27 11:38:42');
INSERT INTO sm_function VALUES ('303', '2', '030107', '启动审批', '/market/marketactivity/startApprove.do', '', '0', '1060102', null, '1', '1', '2014-07-17 15:33:54', '1', '2014-07-17 16:43:42');
INSERT INTO sm_function VALUES ('304', '2', '030108', '执行审批', '/market/marketactivity/executeApprove.do', '', '0', '1060102', null, '1', '1', '2014-07-17 15:33:54', '1', '2014-07-17 16:43:42');
INSERT INTO sm_function VALUES ('308', '75', '', '查询', '/testww/test/query.do', '', '0', '1060103', null, '0', '1', '2014-07-27 14:26:50', '1', '2014-07-27 14:26:50');

-- ----------------------------
-- Records of sm_menu
-- ----------------------------
INSERT INTO sm_menu VALUES ('1', '工作台', '/workbanch/toViewPage.do', '1', '1', '33', '1', '1', '1', null, '20000', '', '0', '1', '1', '2014-05-26 00:00:00', '1', '2014-07-26 14:56:01');
INSERT INTO sm_menu VALUES ('2', '市场营销', '', '1', '0', null, '1', '1', '0', null, '30000', '', '0', '1', '1', '2014-05-26 00:00:00', '1', '2014-07-25 14:48:44');
INSERT INTO sm_menu VALUES ('3', '客户管理', '', '1', '0', null, '1', '1', '0', null, '40000', '', '0', '1', '1', '2014-05-26 00:00:00', '1', '2014-07-25 14:48:45');
INSERT INTO sm_menu VALUES ('4', '项目管理', '', '1', '0', null, '1', '1', '0', null, '50000', '', '0', '1', '1', '2014-05-26 00:00:00', '1', '2014-07-25 14:48:45');
INSERT INTO sm_menu VALUES ('5', '订单管理', '', '1', '0', null, '1', '1', '0', null, '60000', '', '0', '1', '1', '2014-05-26 00:00:00', '1', '2014-07-25 14:48:46');
INSERT INTO sm_menu VALUES ('6', '财务管理', '', '1', '0', null, '1', '1', '0', null, '70000', '', '0', '1', '1', '2014-05-26 00:00:00', '1', '2014-07-25 21:17:04');
INSERT INTO sm_menu VALUES ('7', '销售管理', '', '1', '0', null, '1', '1', '0', null, '80000', '', '0', '1', '1', '2014-05-26 00:00:00', '1', '2014-07-25 14:48:48');
INSERT INTO sm_menu VALUES ('8', '报表管理', '/common/report/toQueryPage.do', '1', '0', '126', '1', '1', '1', null, '90000', '', '0', '1', '1', '2014-05-26 00:00:00', '1', '2014-07-24 17:26:55');
INSERT INTO sm_menu VALUES ('9', '个人设置', '', '2', '0', null, '1', '1', '0', null, '100000', '', '0', '1', '1', '2014-05-26 00:00:00', '1', '2014-07-24 17:26:55');
INSERT INTO sm_menu VALUES ('10', '用户及权限', '', '2', '0', null, '1', '1', '0', null, '110000', '', '0', '1', '1', '2014-05-26 00:00:00', '1', '2014-07-25 14:48:50');
INSERT INTO sm_menu VALUES ('11', '机构设置', '', '2', '0', null, '1', '1', '0', null, '120000', '', '0', '1', '1', '2014-05-26 00:00:00', '1', '2014-07-25 14:48:51');
INSERT INTO sm_menu VALUES ('12', '数据管理', '', '2', '0', null, '1', '1', '0', null, '130000', '', '0', '1', '1', '2014-05-26 00:00:00', '1', '2014-07-24 17:26:55');
INSERT INTO sm_menu VALUES ('13', '开发者空间', '', '2', '0', null, '1', '1', '0', null, '140000', '', '0', '1', '1', '2014-05-26 00:00:00', '1', '2014-07-24 17:26:55');
INSERT INTO sm_menu VALUES ('14', '帮助', '', '2', '0', null, '1', '1', '0', null, '150000', '', '0', '1', '1', '2014-07-01 17:39:20', '1', '2014-07-24 17:26:55');
INSERT INTO sm_menu VALUES ('15', '市场活动', '/market/marketactivity/toQueryPage.do', '1', '0', '35', '1', '2', '1', '2', '30100', '', '0', '1', '1', '2014-05-26 00:00:00', '1', '2014-07-24 17:26:55');
INSERT INTO sm_menu VALUES ('16', '线索', '/customer/lead/toQueryPage.do', '1', '0', '41', '1', '2', '1', '3', '40100', '', '0', '1', '1', '2014-05-26 00:00:00', '1', '2014-07-26 09:37:27');
INSERT INTO sm_menu VALUES ('17', '联系人', '/customer/contact/toQueryPage.do', '1', '0', '54', '1', '2', '1', '3', '40200', '', '0', '1', '1', '2014-05-26 00:00:00', '1', '2014-07-26 09:55:46');
INSERT INTO sm_menu VALUES ('18', '客户', '/customer/customer/toQueryPage.do', '1', '0', '60', '1', '2', '1', '3', '40300', '', '0', '1', '1', '2014-05-26 00:00:00', '1', '2014-07-26 09:55:51');
INSERT INTO sm_menu VALUES ('19', '供应商', '/project/supplier/toQueryPage.do', '1', '0', '72', '1', '2', '1', '4', '50100', '', '0', '1', '1', '2014-05-26 00:00:00', '1', '2014-07-26 09:56:18');
INSERT INTO sm_menu VALUES ('20', '项目', '/project/project/toQueryPage.do', '1', '0', '83', '1', '2', '1', '4', '50200', '', '0', '1', '1', '2014-05-26 00:00:00', '1', '2014-07-26 09:56:26');
INSERT INTO sm_menu VALUES ('21', '产品', '/project/product/toQueryPage.do', '1', '0', '89', '1', '2', '1', '4', '50300', '', '0', '1', '1', '2014-05-26 00:00:00', '1', '2014-07-26 09:38:26');
INSERT INTO sm_menu VALUES ('22', '订单', '/order/order/toQueryPage.do', '1', '0', '104', '1', '2', '1', '5', '60100', '', '0', '1', '1', '2014-05-26 00:00:00', '1', '2014-07-26 09:56:35');
INSERT INTO sm_menu VALUES ('23', '合同', '/order/contract/toQueryPage.do', '1', '0', '110', '1', '2', '1', '5', '60200', '', '0', '1', '1', '2014-05-26 00:00:00', '1', '2014-07-26 09:39:19');
INSERT INTO sm_menu VALUES ('24', '财务审批', '/financial/approve/query.do', '1', '0', '282', '1', '2', '1', '6', '70100', '', '0', '1', '1', '2014-05-26 00:00:00', '1', '2014-07-26 09:39:49');
INSERT INTO sm_menu VALUES ('25', '收款管理', '/financial/receivables/toQueryPage.do', '1', '0', '288', '1', '2', '1', '6', '70200', '', '0', '1', '1', '2014-05-26 00:00:00', '1', '2014-07-26 15:47:26');
INSERT INTO sm_menu VALUES ('26', '销售目标', '/sales/salesTarget/toQueryPage.do', '1', '0', '121', '1', '2', '1', '7', '80100', '', '0', '1', '1', '2014-05-26 00:00:00', '1', '2014-07-24 17:26:55');
INSERT INTO sm_menu VALUES ('27', '账号信息', '/system/user/toViewPage.do', '2', '0', '132', '1', '2', '1', '9', '100100', '', '0', '1', '1', '2014-05-26 00:00:00', '1', '2014-07-26 09:40:51');
INSERT INTO sm_menu VALUES ('28', '更改密码', '/system/user/toModifyPasswordPage.do', '2', '0', '133', '1', '2', '1', '9', '100200', '', '0', '1', '1', '2014-05-26 00:00:00', '1', '2014-07-26 09:56:58');
INSERT INTO sm_menu VALUES ('29', '自定义工作台', '/workbanch/toQueryPage.do', '2', '0', '134', '1', '2', '1', '9', '100300', '', '0', '1', '1', '2014-05-26 00:00:00', '1', '2014-07-24 17:26:55');
INSERT INTO sm_menu VALUES ('30', '系统消息', '/system/message/toQueryPage.do', '2', '0', '135', '1', '2', '1', '9', '100500', '', '0', '1', '1', '2014-06-26 11:35:41', '0', '2014-07-24 17:26:55');
INSERT INTO sm_menu VALUES ('31', '系统公告', '/system/notice/toQueryPage.do', '2', '0', '141', '1', '2', '1', '9', '100600', '', '0', '1', '1', '2014-05-26 00:00:00', '1', '2014-07-24 17:26:55');
INSERT INTO sm_menu VALUES ('32', '用户', '/system/user/toQueryPage.do', '2', '0', '149', '1', '2', '1', '10', '110100', '', '0', '1', '1', '2014-05-26 00:00:00', '1', '2014-07-26 09:41:08');
INSERT INTO sm_menu VALUES ('33', '角色', '/system/role/toQueryPage.do', '2', '0', '161', '1', '2', '1', '10', '110200', '', '0', '1', '1', '2014-05-26 00:00:00', '1', '2014-07-26 09:49:33');
INSERT INTO sm_menu VALUES ('34', '菜单', '/system/menu/toQueryPage.do', '2', '0', '167', '1', '2', '1', '10', '110300', '', '0', '1', '1', '2014-05-26 00:00:00', '1', '2014-07-24 17:26:55');
INSERT INTO sm_menu VALUES ('35', '功能', '/system/function/toQueryPage.do', '2', '0', '173', '1', '2', '1', '10', '110400', '', '0', '1', '1', '2014-05-26 00:00:00', '1', '2014-07-24 17:26:55');
INSERT INTO sm_menu VALUES ('36', '组件', '/system/component/toQueryPage.do', '2', '0', '179', '1', '2', '1', '10', '110500', '', '0', '1', '1', '2014-05-26 00:00:00', '1', '2014-07-24 17:26:55');
INSERT INTO sm_menu VALUES ('37', '权限设置', '/system/user/toAuthorizationPage.do', '2', '0', '184', '1', '2', '1', '10', '110600', '', '0', '1', '1', '2014-05-26 00:00:00', '1', '2014-07-24 17:26:55');
INSERT INTO sm_menu VALUES ('38', '组织机构', '/system/organization/toQueryPage.do', '2', '0', '185', '1', '2', '1', '11', '120100', '', '0', '1', '1', '2014-05-26 00:00:00', '1', '2014-07-24 17:26:55');
INSERT INTO sm_menu VALUES ('39', '字典维护', '/system/dictionary/toQueryPage.do', '2', '0', '192', '1', '2', '1', '12', '130100', '', '0', '1', '1', '2014-05-26 00:00:00', '1', '2014-07-26 09:44:21');
INSERT INTO sm_menu VALUES ('40', '导出数据', '/system/data/toExportPage.do', '2', '0', '197', '1', '2', '1', '12', '130300', '', '0', '1', '1', '2014-05-26 00:00:00', '1', '2014-07-26 09:47:43');
INSERT INTO sm_menu VALUES ('41', '回收站', '/system/recyclebin/toQueryPage.do', '2', '0', '198', '1', '2', '1', '12', '130500', '', '0', '1', '1', '2014-05-26 00:00:00', '1', '2014-07-26 09:47:50');
INSERT INTO sm_menu VALUES ('42', '审计日志', '/system/auditlog/toQueryPage.do', '2', '0', '201', '1', '2', '1', '12', '130400', '', '0', '1', '1', '2014-06-22 16:41:41', '1', '2014-07-26 09:43:46');
INSERT INTO sm_menu VALUES ('43', 'CRM API', '/system/developer/toViewPage.do', '2', '0', '206', '1', '2', '1', '13', '140100', '', '0', '1', '1', '2014-05-26 00:00:00', '1', '2014-07-24 17:26:55');
INSERT INTO sm_menu VALUES ('44', '系统操作手册', '/system/help/toViewPage.do', '2', '0', '0', '1', '2', '1', '14', '150100', '', '0', '1', '1', '2014-05-26 00:00:00', '1', '2014-07-24 17:26:55');
INSERT INTO sm_menu VALUES ('45', '导入数据', '/system/imports/toImportPage.do', '2', '0', '250', '1', '2', '1', '12', '130200', null, '0', '1', '1', '2014-07-24 15:38:14', '1', '2014-07-26 09:46:48');
INSERT INTO sm_menu VALUES ('46', '付款管理', '/financial/payments/toQueryPage.do', '1', '0', '275', '1', '2', '1', '6', '70300', null, '0', '0', '1', '2014-07-25 20:57:50', '1', '2014-07-27 10:59:43');
INSERT INTO sm_menu VALUES ('66', '收款单', '/financial/receiveorder/toQueryPage.do', '1', '0', '278', '1', '2', '1', '6', '70400', null, '0', '0', '1', '2014-07-25 21:17:04', '1', '2014-07-26 18:10:43');

-- ----------------------------
-- Records of sm_module
-- ----------------------------
INSERT INTO sm_module VALUES ('1', 'marketActivity', '市场活动', 'com.baihui.hxtd.soa.market.entity.MarketActivity', '/market/marketActivity');
INSERT INTO sm_module VALUES ('2', 'lead', '线索', 'com.baihui.hxtd.soa.customer.entity.Lead', '/customer/lead');
INSERT INTO sm_module VALUES ('3', 'contact', '联系人', 'com.baihui.hxtd.soa.customer.entity.Contact', '/customer/contact');
INSERT INTO sm_module VALUES ('4', 'customer', '客户', 'com.baihui.hxtd.soa.customer.entity.Customer', '/customer/customer');
INSERT INTO sm_module VALUES ('5', 'supplier', '供应商', 'com.baihui.hxtd.soa.project.entity.Supplier', '/project/supplier');
INSERT INTO sm_module VALUES ('6', 'project', '项目', 'com.baihui.hxtd.soa.project.entity.Project', '/project/project');
INSERT INTO sm_module VALUES ('7', 'product', '产品', 'com.baihui.hxtd.soa.project.entity.Product', '/project/product');
INSERT INTO sm_module VALUES ('8', 'order', '订单', 'com.baihui.hxtd.soa.order.entity.Order', '/order/order');
INSERT INTO sm_module VALUES ('9', 'user', '用户', 'com.baihui.hxtd.soa.system.entity.User', '/system/user');
INSERT INTO sm_module VALUES ('10', 'role', '角色', 'com.baihui.hxtd.soa.system.entity.Role', '/system/role');
INSERT INTO sm_module VALUES ('11', 'menu', '菜单', 'com.baihui.hxtd.soa.system.entity.Menu', '/system/menu');
INSERT INTO sm_module VALUES ('12', 'function', '功能', 'com.baihui.hxtd.soa.system.entity.Function', '/system/function');
INSERT INTO sm_module VALUES ('13', 'component', '组件', 'com.baihui.hxtd.soa.system.entity.Component', '/system/component');
INSERT INTO sm_module VALUES ('14', 'organization', '组织', 'com.baihui.hxtd.soa.system.entity.Organization', '/system/organization');
INSERT INTO sm_module VALUES ('15', 'userMessage', '系统消息', 'com.baihui.hxtd.soa.system.entity.UserMessage', '/system/userMessage');
INSERT INTO sm_module VALUES ('16', 'notice', '系统公告', 'com.baihui.hxtd.soa.system.entity.Notice', '/system/notice');
INSERT INTO sm_module VALUES ('17', 'dictionary', '字典', 'com.baihui.hxtd.soa.system.entity.Dictionary', '/system/dictionary');
INSERT INTO sm_module VALUES ('18', 'auditLog', '审计日志', 'com.baihui.hxtd.soa.system.entity.AuditLog', '/system/auditLog');
INSERT INTO sm_module VALUES ('19', 'recycleBin', '回收站', 'com.baihui.hxtd.soa.system.entity.RecycleBin', '/system/recycleBin');
INSERT INTO sm_module VALUES ('20', 'attachment', '附件', 'com.baihui.hxtd.soa.common.entity.Attachment', '/common/attachment');
INSERT INTO sm_module VALUES ('21', 'memoir', '联系人纪要', 'com.baihui.hxtd.soa.common.entity.Memoir', '/common/memoir');

-- ----------------------------
-- Records of sm_module_type
-- ----------------------------
INSERT INTO sm_module_type VALUES ('2', '99010101', '1');
INSERT INTO sm_module_type VALUES ('3', '99010101', '2');
INSERT INTO sm_module_type VALUES ('4', '99010101', '3');
INSERT INTO sm_module_type VALUES ('5', '99010101', '4');
INSERT INTO sm_module_type VALUES ('6', '99010101', '5');
INSERT INTO sm_module_type VALUES ('7', '99010101', '6');
INSERT INTO sm_module_type VALUES ('8', '99010101', '7');
INSERT INTO sm_module_type VALUES ('9', '99010101', '8');
INSERT INTO sm_module_type VALUES ('10', '99010101', '9');
INSERT INTO sm_module_type VALUES ('11', '99010101', '10');
INSERT INTO sm_module_type VALUES ('12', '99010101', '11');
INSERT INTO sm_module_type VALUES ('13', '99010101', '12');
INSERT INTO sm_module_type VALUES ('14', '99010101', '13');
INSERT INTO sm_module_type VALUES ('15', '99010101', '14');
INSERT INTO sm_module_type VALUES ('16', '99010101', '15');
INSERT INTO sm_module_type VALUES ('17', '99010101', '16');
INSERT INTO sm_module_type VALUES ('18', '99010101', '17');
INSERT INTO sm_module_type VALUES ('19', '99010101', '18');
INSERT INTO sm_module_type VALUES ('20', '99010101', '19');
INSERT INTO sm_module_type VALUES ('21', '99010101', '20');
INSERT INTO sm_module_type VALUES ('22', '99010101', '21');

-- ----------------------------
-- Records of sm_org
-- ----------------------------
INSERT INTO sm_org VALUES ('1', '华兴控股', '华兴控股', '1030101', '18620088324', '1429457@163.com', '北京市海淀区', '100000', 'http://hxtd.crm.com', null, '1', '0', null, '100000000', '0', '1', '1', '2014-05-26 00:00:00', '1', '2014-07-16 16:23:18');
INSERT INTO sm_org VALUES ('2', '董事会', '董事会', '1030103', '', '', '', '', '', null, '2', '1', '1', '101000000', '0', '1', '1', '2014-07-10 15:17:25', '1', '2014-07-23 20:57:13');
INSERT INTO sm_org VALUES ('3', '监视会', '监视会', '1030103', '18620088324', '1429457@163.com', '北京市海淀区', '100000', 'http://hxtd.crm.com', null, '2', '1', '1', '102000000', '0', '1', '1', '2014-05-26 00:00:00', '1', '2014-07-16 16:23:18');
INSERT INTO sm_org VALUES ('35', '总办', '总办', '1030102', '18500723906', null, '北京市海淀区', null, null, null, '2', '0', '1', '127000000', '0', '0', '1', '2014-07-16 11:41:51', '1', '2014-07-23 10:51:54');
INSERT INTO sm_org VALUES ('36', '投资基金管理', '投资基金管理', '1030102', '18500230212', null, null, null, null, null, '2', '0', '1', '128000000', '0', '0', '1', '2014-07-16 11:42:14', '1', '2014-07-23 10:56:31');
INSERT INTO sm_org VALUES ('37', '资产管理', '资产管理', '1030102', null, null, null, null, null, null, '2', '0', '1', '129000000', '0', '0', '1', '2014-07-16 11:42:28', '1', '2014-07-16 16:23:18');
INSERT INTO sm_org VALUES ('38', '行政部', '行政部', '1030102', null, null, null, null, null, null, '3', '1', '35', '127010000', '0', '0', '1', '2014-07-16 11:42:54', '1', '2014-07-23 10:51:22');
INSERT INTO sm_org VALUES ('39', '人力资源部', '人力资源部', '1030102', null, null, null, null, null, null, '3', '1', '35', '127020000', '0', '0', '1', '2014-07-16 11:43:09', '1', '2014-07-23 10:51:27');
INSERT INTO sm_org VALUES ('40', '财务部', '财务部', '1030102', null, null, null, null, null, null, '3', '1', '35', '127030000', '0', '0', '1', '2014-07-16 11:43:23', '1', '2014-07-16 16:23:18');
INSERT INTO sm_org VALUES ('41', '秘书处', '秘书处', '1030102', null, null, null, null, null, null, '3', '1', '35', '127040000', '0', '0', '1', '2014-07-16 11:43:38', '1', '2014-07-16 16:23:18');
INSERT INTO sm_org VALUES ('42', '法务部', '法务部', '1030102', null, null, null, null, null, null, '3', '1', '35', '127050000', '0', '0', '1', '2014-07-16 11:43:52', '1', '2014-07-16 16:23:18');
INSERT INTO sm_org VALUES ('43', '项目部', '重大项目部', '1030102', null, null, null, null, null, null, '3', '1', '37', '129020000', '0', '0', '1', '2014-07-16 11:44:08', '1', '2014-07-16 16:23:18');
INSERT INTO sm_org VALUES ('44', '风控部', '风控部', '1030102', null, null, null, null, null, null, '3', '1', '37', '129030000', '0', '0', '1', '2014-07-16 11:44:21', '1', '2014-07-16 16:23:18');
INSERT INTO sm_org VALUES ('45', '投资部', '投资部', '1030102', null, null, null, null, null, null, '3', '1', '36', '128050000', '0', '0', '1', '2014-07-16 11:44:35', '1', '2014-07-16 16:23:18');
INSERT INTO sm_org VALUES ('46', '理财部', '理财部', '1030102', null, null, null, null, null, null, '3', '1', '36', '128030000', '0', '0', '1', '2014-07-16 11:45:33', '1', '2014-07-16 16:23:18');
INSERT INTO sm_org VALUES ('47', '渠道合作部', '渠道合作部', '1030102', null, null, null, null, null, null, '3', '1', '36', '128040000', '0', '0', '1', '2014-07-16 11:47:02', '1', '2014-07-16 16:23:18');
INSERT INTO sm_org VALUES ('48', '企划部', '企划部', '1030102', null, null, null, null, null, null, '3', '1', '35', '127060000', '0', '0', '1', '2014-07-16 11:49:12', '1', '2014-07-16 16:23:18');
INSERT INTO sm_org VALUES ('49', '品牌媒介部', '品牌媒介部', '1030102', null, null, null, null, null, null, '3', '1', '35', '127070000', '0', '0', '1', '2014-07-16 11:49:32', '1', '2014-07-16 16:23:18');
INSERT INTO sm_org VALUES ('50', '技术部', '技术部', '1030102', null, null, null, null, null, null, '3', '1', '35', '127080000', '0', '0', '1', '2014-07-16 11:49:50', '1', '2014-07-16 16:23:18');
INSERT INTO sm_org VALUES ('51', '海淀区分部', '海淀区分部', '1030101', null, null, null, null, null, '海淀区销售', '3', '0', '36', '128060000', '0', '0', '1', '2014-07-16 11:52:36', '1', '2014-07-16 16:23:18');
INSERT INTO sm_org VALUES ('52', '昌平区分部', '昌平区分部', '1030101', null, null, null, null, null, '昌平区销售', '3', '0', '36', '128070000', '0', '0', '1', '2014-07-16 11:53:00', '1', '2014-07-16 16:39:06');
INSERT INTO sm_org VALUES ('55', '华兴泰达(北京)', '北京华兴泰达投资基金管理有限公司', '1030101', null, null, null, null, null, null, '3', '0', '36', '128080000', '0', '0', '1', '2014-07-16 12:07:10', '1', '2014-07-16 16:23:18');
INSERT INTO sm_org VALUES ('56', '运营部', '运营部', '1030102', null, null, null, null, null, null, '4', '1', '55', '128080100', '0', '0', '1', '2014-07-16 12:08:36', '1', '2014-07-16 16:23:18');
INSERT INTO sm_org VALUES ('57', '市场策划部', '市场策划部', '1030102', null, null, null, null, null, null, '3', '0', '35', '127090000', '0', '0', '1', '2014-07-16 12:19:34', '1', '2014-07-24 13:14:13');
INSERT INTO sm_org VALUES ('58', '总裁办公室', '总裁办公室', '1030102', null, null, null, null, null, null, '3', '1', '35', '127100000', '0', '0', '1', '2014-07-16 12:23:17', '1', '2014-07-16 16:23:18');
INSERT INTO sm_org VALUES ('59', '朝阳区分部', '朝阳区分部', '1030101', null, null, null, null, null, '朝阳区销售', '3', '0', '36', '128090000', '0', '0', '1', '2014-07-16 13:08:43', '1', '2014-07-16 16:23:18');
INSERT INTO sm_org VALUES ('60', '房山区分部', '房山区分部', '1030101', null, null, null, null, null, '房山区销售', '3', '0', '36', '128100000', '0', '0', '1', '2014-07-16 13:09:00', '1', '2014-07-16 16:23:18');
INSERT INTO sm_org VALUES ('61', '华兴瑞泰(北京)', '北京华兴瑞泰资产管理中心', '1030101', null, null, null, null, null, null, '3', '1', '37', '129040000', '0', '0', '1', '2014-07-16 14:25:37', '1', '2014-07-16 16:23:18');
INSERT INTO sm_org VALUES ('62', '银行渠道部', '银行渠道部', '1030102', null, null, null, null, null, null, '4', '0', '51', '128060100', '0', '0', '1', '2014-07-16 15:56:47', '1', '2014-07-16 16:29:33');
INSERT INTO sm_org VALUES ('64', '渠道部', '渠道部', '1030102', null, null, null, null, null, null, '4', '0', '52', '128070100', '0', '0', '1', '2014-07-16 16:09:37', '1', '2014-07-16 16:58:41');
INSERT INTO sm_org VALUES ('65', '渠道部', '渠道部', '1030102', null, null, null, null, null, null, '4', '0', '60', '128100100', '0', '0', '1', '2014-07-16 16:10:29', '1', '2014-07-16 16:52:38');
INSERT INTO sm_org VALUES ('66', '投资理财部', '投资理财部', '1030102', null, null, null, null, null, null, '4', '0', '59', '128090100', '0', '0', '1', '2014-07-16 16:10:53', '1', '2014-07-16 16:47:33');
INSERT INTO sm_org VALUES ('67', '投资理财部', '投资理财部', '1030102', null, null, null, null, null, null, '4', '0', '51', '128060200', '0', '0', '1', '2014-07-16 16:22:02', '1', '2014-07-23 10:45:06');
INSERT INTO sm_org VALUES ('68', '渠道1组', '渠道1组', '1030103', null, null, null, null, null, null, '5', '1', '62', '128060101', '0', '0', '1', '2014-07-16 16:23:18', '1', '2014-07-16 16:23:18');
INSERT INTO sm_org VALUES ('69', '渠道2组', '渠道2组', '1030103', null, '', null, null, null, null, '5', '1', '62', '128060102', '0', '0', '1', '2014-07-16 16:25:53', '1', '2014-07-23 10:45:12');
INSERT INTO sm_org VALUES ('70', '渠道3组', '渠道3组', '1030103', null, null, null, null, null, null, '5', '1', '62', '128060103', '0', '0', '1', '2014-07-16 16:29:33', '1', '2014-07-23 10:45:18');
INSERT INTO sm_org VALUES ('71', '理财1组', '理财1组', '1030103', null, null, null, null, null, null, '5', '1', '67', '128060201', '0', '0', '1', '2014-07-16 16:33:29', '1', '2014-07-23 10:45:22');
INSERT INTO sm_org VALUES ('72', '理财2组', '理财2组', '1030103', null, null, null, null, null, null, '5', '1', '67', '128060202', '0', '0', '1', '2014-07-16 16:34:16', '1', '2014-07-23 10:45:39');
INSERT INTO sm_org VALUES ('73', '理财3组', '理财3组', '1030103', null, null, null, null, null, null, '5', '1', '67', '128060203', '0', '0', '1', '2014-07-16 16:37:03', '1', '2014-07-23 10:45:33');
INSERT INTO sm_org VALUES ('74', '理财部', '理财部', '1030102', null, null, null, null, null, null, '4', '0', '52', '128070200', '0', '0', '1', '2014-07-16 16:38:17', '1', '2014-07-16 16:59:02');
INSERT INTO sm_org VALUES ('75', '渠道1组', '渠道1组', '1030102', null, null, null, null, null, null, '5', '1', '64', '128070101', '0', '0', '1', '2014-07-16 16:39:52', '1', '2014-07-16 16:39:52');
INSERT INTO sm_org VALUES ('76', '渠道2组', '渠道2组', '1030103', null, null, null, null, null, null, '5', '1', '64', '128070102', '0', '0', '1', '2014-07-16 16:41:34', '1', '2014-07-23 10:45:48');
INSERT INTO sm_org VALUES ('77', '渠道3组', '渠道3组', '1030103', null, null, null, null, null, null, '5', '1', '64', '128070103', '0', '0', '1', '2014-07-16 16:42:14', '1', '2014-07-23 10:45:53');
INSERT INTO sm_org VALUES ('78', '理财1组', '理财1组', '1030103', null, null, null, null, null, null, '5', '1', '74', '128070201', '0', '0', '1', '2014-07-16 16:43:29', '1', '2014-07-16 16:43:29');
INSERT INTO sm_org VALUES ('79', '理财2组', '理财2组', '1030103', null, null, null, null, null, null, '5', '1', '74', '128070202', '0', '0', '1', '2014-07-16 16:44:32', '1', '2014-07-23 10:45:55');
INSERT INTO sm_org VALUES ('80', '理财1组', '理财1组', '1030103', null, null, null, null, null, null, '5', '1', '66', '128090101', '0', '0', '1', '2014-07-16 16:45:10', '1', '2014-07-16 16:45:10');
INSERT INTO sm_org VALUES ('81', '理财3组', '理财3组', '1030103', null, null, null, null, null, null, '5', '1', '74', '128070203', '0', '0', '1', '2014-07-16 16:45:30', '1', '2014-07-23 10:46:00');
INSERT INTO sm_org VALUES ('82', '理财2组', '理财2组', '1030103', null, null, null, null, null, null, '5', '1', '66', '128090102', '0', '0', '1', '2014-07-16 16:46:40', '1', '2014-07-23 10:46:08');
INSERT INTO sm_org VALUES ('83', '理财3组', '理财3组', '1030103', null, null, null, null, null, null, '5', '1', '66', '128090103', '0', '0', '1', '2014-07-16 16:47:33', '1', '2014-07-23 10:46:11');
INSERT INTO sm_org VALUES ('84', '理财部', '理财部', '1030102', null, null, null, null, null, null, '4', '0', '60', '128100200', '0', '0', '1', '2014-07-16 16:49:19', '1', '2014-07-16 16:55:58');
INSERT INTO sm_org VALUES ('85', '渠道1组', '渠道1组', '1030102', null, null, null, null, null, null, '5', '1', '65', '128100101', '0', '0', '1', '2014-07-16 16:50:08', '1', '2014-07-16 16:50:08');
INSERT INTO sm_org VALUES ('86', '渠道2组', '渠道2组', '1030103', null, null, null, null, null, null, '5', '1', '65', '128100102', '0', '0', '1', '2014-07-16 16:51:21', '1', '2014-07-23 10:46:25');
INSERT INTO sm_org VALUES ('87', '渠道3组', '渠道3组', '1030103', null, null, null, null, null, null, '5', '1', '65', '128100103', '0', '0', '1', '2014-07-16 16:52:38', '1', '2014-07-23 10:46:28');
INSERT INTO sm_org VALUES ('88', '理财1组', '理财1组', '1030103', null, null, null, null, null, null, '5', '1', '84', '128100201', '0', '0', '1', '2014-07-16 16:53:31', '1', '2014-07-16 16:53:31');
INSERT INTO sm_org VALUES ('89', '理财2组', '理财2组', '1030103', null, null, null, null, null, null, '5', '1', '84', '128100202', '0', '0', '1', '2014-07-16 16:55:17', '1', '2014-07-23 10:46:35');
INSERT INTO sm_org VALUES ('90', '理财3组', '理财3组', '1030103', null, null, null, null, null, null, '5', '1', '84', '128100203', '0', '0', '1', '2014-07-16 16:55:58', '1', '2014-07-23 10:46:40');
INSERT INTO sm_org VALUES ('104', '换新', '112333', '1030102', null, null, null, null, null, null, '2', '0', '1', '130000000', '1', '0', '1', '2014-07-24 12:06:07', '1', '2014-07-24 13:16:23');
INSERT INTO sm_org VALUES ('105', '企划部1', '企划部1', '1030102', null, null, null, null, null, null, '4', '1', '57', '127090100', '0', '0', '1', '2014-07-24 13:14:12', '1', '2014-07-24 13:31:09');
INSERT INTO sm_org VALUES ('106', '1', '3', '1030103', null, null, null, null, null, null, '3', '1', '104', '130010000', '1', '0', '1', '2014-07-24 13:15:08', '1', '2014-07-24 13:16:12');
INSERT INTO sm_org VALUES ('107', '123456', '6666', '1030102', null, null, null, null, null, null, '2', '1', '1', '131000000', '0', '0', '1', '2014-07-24 13:27:17', '1', '2014-07-24 13:27:17');
INSERT INTO sm_org VALUES ('108', 'test', 'test', '1030102', '18620623071', null, null, null, 'http://192.168.1.31/hxtd/customer/customer/toQueryPage.do', null, '2', '1', '1', '134000000', '0', '0', '1', '2014-07-25 10:00:30', '1', '2014-07-25 10:03:44');

-- ----------------------------
-- Records of sm_role
-- ----------------------------
INSERT INTO sm_role VALUES ('1', '1', '系统管理员', '1050101', '可进行系统所有操作', '0', '1', '1', '2014-06-19 13:49:31', '1', '2014-06-19 13:49:31');
INSERT INTO sm_role VALUES ('2', '2', '系统数据管理员', '1050101', '可查看系统所有数据', '0', '1', '1', '2014-06-19 13:49:31', '1', '2014-06-19 13:49:31');
INSERT INTO sm_role VALUES ('3', '3', '主管数据管理员', '1050101', '可查看所属组织及下级内数据', '0', '1', '1', '2014-06-19 13:49:31', '1', '2014-06-19 13:49:31');
INSERT INTO sm_role VALUES ('6', 'ORG_00001', '总裁', '1050101', '总裁', '0', '1', '1', '2014-07-16 17:26:02', '1', '2014-07-22 14:27:47');
INSERT INTO sm_role VALUES ('7', 'ORG_00002', '副总裁', '1050101', '副总裁', '0', '1', '1', '2014-07-16 17:26:10', '1', '2014-07-22 14:27:50');
INSERT INTO sm_role VALUES ('8', 'ORG_00003', '财务', '1050101', '财务', '0', '1', '1', '2014-07-16 17:26:10', '1', '2014-07-22 14:27:52');
INSERT INTO sm_role VALUES ('9', 'ORG_00004', '投资总监', '1050101', '投资总监', '0', '1', '1', '2014-07-16 17:27:07', '1', '2014-07-22 14:27:53');
INSERT INTO sm_role VALUES ('10', 'ORG_00005', '投资经理', '1050101', '投资经理', '0', '1', '1', '2014-07-16 17:28:34', '1', '2014-07-22 14:27:55');
INSERT INTO sm_role VALUES ('11', 'ORG_00006', '理财经理', '1050101', '理财经理', '0', '1', '1', '2014-07-16 17:28:40', '1', '2014-07-22 14:27:57');

-- ----------------------------
-- Records of sm_user
-- ----------------------------
INSERT INTO sm_user VALUES ('1', 'admin', 'e10adc3949ba59abbe56e057f20f883e', '管理员', '11010215', '18620088324', '0000000000', '00000000@gmail.com', '000000000', '工程师', '1040301', '1', '1', '1', null, '1040401', '0', '1', '1', '2014-05-26 00:00:00', '1', '2014-05-26 19:29:03');

-- ----------------------------
-- Records of wf_node
-- ----------------------------
INSERT INTO wf_node VALUES ('1', '060100', '开始', '99020101', null, '1', '1');
INSERT INTO wf_node VALUES ('2', '060101', '理财经理审核', '99020101', '11', '2', '2');
INSERT INTO wf_node VALUES ('3', '060102', '投资经理审核', '99020101', '10', '2', '3');
INSERT INTO wf_node VALUES ('4', '060103', '投资总监审核', '99020101', '9', '2', '4');
INSERT INTO wf_node VALUES ('5', '060104', '副总裁审核', '99020101', '7', '2', '5');
INSERT INTO wf_node VALUES ('6', '060105', '总裁审核', '99020101', '6', '2', '6');
INSERT INTO wf_node VALUES ('7', '060106', '财务审核', '99020101', '8', '2', '7');
INSERT INTO wf_node VALUES ('8', '060107', '结束', '99020101', null, '3', '8');
INSERT INTO wf_node VALUES ('9', '030101', '开始', '99020102', null, '1', '1');
INSERT INTO wf_node VALUES ('10', '030102', '投资总监审核', '99020102', '9', '2', '2');
INSERT INTO wf_node VALUES ('11', '030103', '总裁审核', '99020102', '6', '2', '3');
INSERT INTO wf_node VALUES ('12', '030104', '财务审核', '99020102', '8', '2', '4');
INSERT INTO wf_node VALUES ('13', '030105', '结束', '99020102', null, '3', '5');
INSERT INTO wf_node VALUES ('14', '030111', '开始', '99020103', null, '1', '1');
INSERT INTO wf_node VALUES ('15', '030113', '结束', '99020103', null, '3', '3');
INSERT INTO wf_node VALUES ('16', '030112', '理财经理审核', '99020103', '11', '2', '2');
